design_name,width_mm,height_mm,price_gbp,helions_sku,supplier_sku,supplier_price,photo_url,supplier_email
Hertfordshire,3000,1600,1349,HF001DG,RMG001DG,803.04,https://helionsforge.com/wp-content/uploads/2025/12/Hertfordshire-Aluminium-Driveway-Gates.jpg,orders@readymadegates.co.uk
Hertfordshire,3000,1800,1494,HF001DG,RMG001DG,889.28,https://helionsforge.com/wp-content/uploads/2025/12/Hertfordshire-Aluminium-Driveway-Gates.jpg,orders@readymadegates.co.uk
Hertfordshire,3000,2000,1537,HF001DG,RMG001DG,915.04,https://helionsforge.com/wp-content/uploads/2025/12/Hertfordshire-Aluminium-Driveway-Gates.jpg,orders@readymadegates.co.uk
Hertfordshire,3000,2200,1683,HF001DG,RMG001DG,1001.84,https://helionsforge.com/wp-content/uploads/2025/12/Hertfordshire-Aluminium-Driveway-Gates.jpg,orders@readymadegates.co.uk
Hertfordshire,3250,1600,1421,HF001DG,RMG001DG,845.6,https://helionsforge.com/wp-content/uploads/2025/12/Hertfordshire-Aluminium-Driveway-Gates.jpg,orders@readymadegates.co.uk
Hertfordshire,3250,1800,1577,HF001DG,RMG001DG,938.56,https://helionsforge.com/wp-content/uploads/2025/12/Hertfordshire-Aluminium-Driveway-Gates.jpg,orders@readymadegates.co.uk
Hertfordshire,3250,2000,1625,HF001DG,RMG001DG,967.12,https://helionsforge.com/wp-content/uploads/2025/12/Hertfordshire-Aluminium-Driveway-Gates.jpg,orders@readymadegates.co.uk
Hertfordshire,3250,2200,1780,HF001DG,RMG001DG,1059.52,https://helionsforge.com/wp-content/uploads/2025/12/Hertfordshire-Aluminium-Driveway-Gates.jpg,orders@readymadegates.co.uk
Hertfordshire,3500,1600,1489,HF001DG,RMG001DG,886.48,https://helionsforge.com/wp-content/uploads/2025/12/Hertfordshire-Aluminium-Driveway-Gates.jpg,orders@readymadegates.co.uk
Hertfordshire,3500,1800,1659,HF001DG,RMG001DG,987.28,https://helionsforge.com/wp-content/uploads/2025/12/Hertfordshire-Aluminium-Driveway-Gates.jpg,orders@readymadegates.co.uk
Hertfordshire,3500,2000,1708,HF001DG,RMG001DG,1016.4,https://helionsforge.com/wp-content/uploads/2025/12/Hertfordshire-Aluminium-Driveway-Gates.jpg,orders@readymadegates.co.uk
Hertfordshire,3500,2200,1872,HF001DG,RMG001DG,1114.4,https://helionsforge.com/wp-content/uploads/2025/12/Hertfordshire-Aluminium-Driveway-Gates.jpg,orders@readymadegates.co.uk
Hertfordshire,3750,1600,1566,HF001DG,RMG001DG,932.4,https://helionsforge.com/wp-content/uploads/2025/12/Hertfordshire-Aluminium-Driveway-Gates.jpg,orders@readymadegates.co.uk
Hertfordshire,3750,1800,1741,HF001DG,RMG001DG,1036.56,https://helionsforge.com/wp-content/uploads/2025/12/Hertfordshire-Aluminium-Driveway-Gates.jpg,orders@readymadegates.co.uk
Hertfordshire,3750,2000,1751,HF001DG,RMG001DG,1042.16,https://helionsforge.com/wp-content/uploads/2025/12/Hertfordshire-Aluminium-Driveway-Gates.jpg,orders@readymadegates.co.uk
Hertfordshire,3750,2200,1964,HF001DG,RMG001DG,1169.28,https://helionsforge.com/wp-content/uploads/2025/12/Hertfordshire-Aluminium-Driveway-Gates.jpg,orders@readymadegates.co.uk
Hertfordshire,4000,1600,1566,HF001DG,RMG001DG,932.4,https://helionsforge.com/wp-content/uploads/2025/12/Hertfordshire-Aluminium-Driveway-Gates.jpg,orders@readymadegates.co.uk
Hertfordshire,4000,1800,1741,HF001DG,RMG001DG,1036.56,https://helionsforge.com/wp-content/uploads/2025/12/Hertfordshire-Aluminium-Driveway-Gates.jpg,orders@readymadegates.co.uk
Hertfordshire,4000,2000,1789,HF001DG,RMG001DG,1065.12,https://helionsforge.com/wp-content/uploads/2025/12/Hertfordshire-Aluminium-Driveway-Gates.jpg,orders@readymadegates.co.uk
Hertfordshire,4000,2200,1969,HF001DG,RMG001DG,1172.08,https://helionsforge.com/wp-content/uploads/2025/12/Hertfordshire-Aluminium-Driveway-Gates.jpg,orders@readymadegates.co.uk
Surrey,3000,1600,1378,HF002DG,RMG002DG,820.4,https://helionsforge.com/wp-content/uploads/2025/12/Surrey-Aluminium-Driveway-Gate.jpg,orders@readymadegates.co.uk
Surrey,3000,1800,1533,HF002DG,RMG002DG,912.24,https://helionsforge.com/wp-content/uploads/2025/12/Surrey-Aluminium-Driveway-Gate.jpg,orders@readymadegates.co.uk
Surrey,3000,2000,1577,HF002DG,RMG002DG,938.56,https://helionsforge.com/wp-content/uploads/2025/12/Surrey-Aluminium-Driveway-Gate.jpg,orders@readymadegates.co.uk
Surrey,3250,1600,1489,HF002DG,RMG002DG,886.48,https://helionsforge.com/wp-content/uploads/2025/12/Surrey-Aluminium-Driveway-Gate.jpg,orders@readymadegates.co.uk
Surrey,3250,1800,1625,HF002DG,RMG002DG,967.12,https://helionsforge.com/wp-content/uploads/2025/12/Surrey-Aluminium-Driveway-Gate.jpg,orders@readymadegates.co.uk
Surrey,3250,2000,1712,HF002DG,RMG002DG,1019.2,https://helionsforge.com/wp-content/uploads/2025/12/Surrey-Aluminium-Driveway-Gate.jpg,orders@readymadegates.co.uk
Surrey,3500,1600,1577,HF002DG,RMG002DG,938.56,https://helionsforge.com/wp-content/uploads/2025/12/Surrey-Aluminium-Driveway-Gate.jpg,orders@readymadegates.co.uk
Surrey,3500,1800,1712,HF002DG,RMG002DG,1019.2,https://helionsforge.com/wp-content/uploads/2025/12/Surrey-Aluminium-Driveway-Gate.jpg,orders@readymadegates.co.uk
Surrey,3500,2000,1800,HF002DG,RMG002DG,1071.28,https://helionsforge.com/wp-content/uploads/2025/12/Surrey-Aluminium-Driveway-Gate.jpg,orders@readymadegates.co.uk
Surrey,3750,1600,1669,HF002DG,RMG002DG,993.44,https://helionsforge.com/wp-content/uploads/2025/12/Surrey-Aluminium-Driveway-Gate.jpg,orders@readymadegates.co.uk
Surrey,3750,1800,1823,HF002DG,RMG002DG,1085.28,https://helionsforge.com/wp-content/uploads/2025/12/Surrey-Aluminium-Driveway-Gate.jpg,orders@readymadegates.co.uk
Surrey,3750,2000,1911,HF002DG,RMG002DG,1137.36,https://helionsforge.com/wp-content/uploads/2025/12/Surrey-Aluminium-Driveway-Gate.jpg,orders@readymadegates.co.uk
Surrey,3750,2200,2022,HF002DG,RMG002DG,1203.44,https://helionsforge.com/wp-content/uploads/2025/12/Surrey-Aluminium-Driveway-Gate.jpg,orders@readymadegates.co.uk
Surrey,4000,1600,1712,HF002DG,RMG002DG,1019.2,https://helionsforge.com/wp-content/uploads/2025/12/Surrey-Aluminium-Driveway-Gate.jpg,orders@readymadegates.co.uk
Surrey,4000,1800,1823,HF002DG,RMG002DG,1085.28,https://helionsforge.com/wp-content/uploads/2025/12/Surrey-Aluminium-Driveway-Gate.jpg,orders@readymadegates.co.uk
Surrey,4000,2000,2022,HF002DG,RMG002DG,1203.44,https://helionsforge.com/wp-content/uploads/2025/12/Surrey-Aluminium-Driveway-Gate.jpg,orders@readymadegates.co.uk
Surrey,4000,2200,2158,HF002DG,RMG002DG,1284.64,https://helionsforge.com/wp-content/uploads/2025/12/Surrey-Aluminium-Driveway-Gate.jpg,orders@readymadegates.co.uk
Cambridgeshire,3000,1600,1363,HF003DG,RMG003DG,811.44,"https://helionsforge.com/wp-content/uploads/2025/12/Cambridgeshire-Aluminium-Driveway-Gates.jpg,",orders@readymadegates.co.uk
Cambridgeshire,3000,1800,1480,HF003DG,RMG003DG,880.88,"https://helionsforge.com/wp-content/uploads/2025/12/Cambridgeshire-Aluminium-Driveway-Gates.jpg,",orders@readymadegates.co.uk
Cambridgeshire,3000,2000,1600,HF003DG,RMG003DG,952.56,"https://helionsforge.com/wp-content/uploads/2025/12/Cambridgeshire-Aluminium-Driveway-Gates.jpg,",orders@readymadegates.co.uk
Cambridgeshire,3000,2200,1717,HF003DG,RMG003DG,1022,"https://helionsforge.com/wp-content/uploads/2025/12/Cambridgeshire-Aluminium-Driveway-Gates.jpg,",orders@readymadegates.co.uk
Cambridgeshire,3250,1600,1436,HF003DG,RMG003DG,854.56,"https://helionsforge.com/wp-content/uploads/2025/12/Cambridgeshire-Aluminium-Driveway-Gates.jpg,",orders@readymadegates.co.uk
Cambridgeshire,3250,1800,1562,HF003DG,RMG003DG,929.6,"https://helionsforge.com/wp-content/uploads/2025/12/Cambridgeshire-Aluminium-Driveway-Gates.jpg,",orders@readymadegates.co.uk
Cambridgeshire,3250,2000,1692,HF003DG,RMG003DG,1007.44,"https://helionsforge.com/wp-content/uploads/2025/12/Cambridgeshire-Aluminium-Driveway-Gates.jpg,",orders@readymadegates.co.uk
Cambridgeshire,3250,2200,1814,HF003DG,RMG003DG,1079.68,"https://helionsforge.com/wp-content/uploads/2025/12/Cambridgeshire-Aluminium-Driveway-Gates.jpg,",orders@readymadegates.co.uk
Cambridgeshire,3500,1600,1514,HF003DG,RMG003DG,901.04,"https://helionsforge.com/wp-content/uploads/2025/12/Cambridgeshire-Aluminium-Driveway-Gates.jpg,",orders@readymadegates.co.uk
Cambridgeshire,3500,1800,1645,HF003DG,RMG003DG,978.88,"https://helionsforge.com/wp-content/uploads/2025/12/Cambridgeshire-Aluminium-Driveway-Gates.jpg,",orders@readymadegates.co.uk
Cambridgeshire,3500,2000,1780,HF003DG,RMG003DG,1059.52,"https://helionsforge.com/wp-content/uploads/2025/12/Cambridgeshire-Aluminium-Driveway-Gates.jpg,",orders@readymadegates.co.uk
Cambridgeshire,3500,2200,1911,HF003DG,RMG003DG,1137.36,"https://helionsforge.com/wp-content/uploads/2025/12/Cambridgeshire-Aluminium-Driveway-Gates.jpg,",orders@readymadegates.co.uk
Cambridgeshire,3750,1600,1586,HF003DG,RMG003DG,944.16,"https://helionsforge.com/wp-content/uploads/2025/12/Cambridgeshire-Aluminium-Driveway-Gates.jpg,",orders@readymadegates.co.uk
Cambridgeshire,3750,1800,1726,HF003DG,RMG003DG,1027.6,"https://helionsforge.com/wp-content/uploads/2025/12/Cambridgeshire-Aluminium-Driveway-Gates.jpg,",orders@readymadegates.co.uk
Cambridgeshire,3750,2000,1867,HF003DG,RMG003DG,1111.6,"https://helionsforge.com/wp-content/uploads/2025/12/Cambridgeshire-Aluminium-Driveway-Gates.jpg,",orders@readymadegates.co.uk
Cambridgeshire,3750,2200,2003,HF003DG,RMG003DG,1192.24,"https://helionsforge.com/wp-content/uploads/2025/12/Cambridgeshire-Aluminium-Driveway-Gates.jpg,",orders@readymadegates.co.uk
Cambridgeshire,4000,1600,1659,HF003DG,RMG003DG,987.28,"https://helionsforge.com/wp-content/uploads/2025/12/Cambridgeshire-Aluminium-Driveway-Gates.jpg,",orders@readymadegates.co.uk
Cambridgeshire,4000,1800,1740,HF003DG,RMG003DG,1036,"https://helionsforge.com/wp-content/uploads/2025/12/Cambridgeshire-Aluminium-Driveway-Gates.jpg,",orders@readymadegates.co.uk
Cambridgeshire,4000,2000,1809,HF003DG,RMG003DG,1076.88,"https://helionsforge.com/wp-content/uploads/2025/12/Cambridgeshire-Aluminium-Driveway-Gates.jpg,",orders@readymadegates.co.uk
Cambridgeshire,4000,2200,2100,HF003DG,RMG003DG,1249.92,"https://helionsforge.com/wp-content/uploads/2025/12/Cambridgeshire-Aluminium-Driveway-Gates.jpg,",orders@readymadegates.co.uk
London,3000,1600,1397,HF004DG,RMG004DG,831.6,https://helionsforge.com/wp-content/uploads/2025/12/London-Aluminium-Driveway-Gate.jpg,orders@readymadegates.co.uk
London,3000,1800,1514,HF004DG,RMG004DG,901.04,https://helionsforge.com/wp-content/uploads/2025/12/London-Aluminium-Driveway-Gate.jpg,orders@readymadegates.co.uk
London,3000,2000,1625,HF004DG,RMG004DG,967.12,https://helionsforge.com/wp-content/uploads/2025/12/London-Aluminium-Driveway-Gate.jpg,orders@readymadegates.co.uk
London,3000,2200,1741,HF004DG,RMG004DG,1036.56,https://helionsforge.com/wp-content/uploads/2025/12/London-Aluminium-Driveway-Gate.jpg,orders@readymadegates.co.uk
London,3250,1600,1470,HF004DG,RMG004DG,875.28,https://helionsforge.com/wp-content/uploads/2025/12/London-Aluminium-Driveway-Gate.jpg,orders@readymadegates.co.uk
London,3250,1800,1586,HF004DG,RMG004DG,944.16,https://helionsforge.com/wp-content/uploads/2025/12/London-Aluminium-Driveway-Gate.jpg,orders@readymadegates.co.uk
London,3250,2000,1708,HF004DG,RMG004DG,1016.4,https://helionsforge.com/wp-content/uploads/2025/12/London-Aluminium-Driveway-Gate.jpg,orders@readymadegates.co.uk
London,3250,2200,1829,HF004DG,RMG004DG,1088.64,https://helionsforge.com/wp-content/uploads/2025/12/London-Aluminium-Driveway-Gate.jpg,orders@readymadegates.co.uk
London,3500,1600,1572,HF004DG,RMG004DG,935.76,https://helionsforge.com/wp-content/uploads/2025/12/London-Aluminium-Driveway-Gate.jpg,orders@readymadegates.co.uk
London,3500,1800,1703,HF004DG,RMG004DG,1013.6,https://helionsforge.com/wp-content/uploads/2025/12/London-Aluminium-Driveway-Gate.jpg,orders@readymadegates.co.uk
London,3500,2000,1834,HF004DG,RMG004DG,1091.44,https://helionsforge.com/wp-content/uploads/2025/12/London-Aluminium-Driveway-Gate.jpg,orders@readymadegates.co.uk
London,3500,2200,1964,HF004DG,RMG004DG,1169.28,https://helionsforge.com/wp-content/uploads/2025/12/London-Aluminium-Driveway-Gate.jpg,orders@readymadegates.co.uk
London,3750,1600,1640,HF004DG,RMG004DG,976.08,https://helionsforge.com/wp-content/uploads/2025/12/London-Aluminium-Driveway-Gate.jpg,orders@readymadegates.co.uk
London,3750,1800,1775,HF004DG,RMG004DG,1056.72,https://helionsforge.com/wp-content/uploads/2025/12/London-Aluminium-Driveway-Gate.jpg,orders@readymadegates.co.uk
London,3750,2000,1911,HF004DG,RMG004DG,1137.36,https://helionsforge.com/wp-content/uploads/2025/12/London-Aluminium-Driveway-Gate.jpg,orders@readymadegates.co.uk
London,3750,2200,2051,HF004DG,RMG004DG,1220.8,https://helionsforge.com/wp-content/uploads/2025/12/London-Aluminium-Driveway-Gate.jpg,orders@readymadegates.co.uk
London,4000,1600,1708,HF004DG,RMG004DG,1016.4,https://helionsforge.com/wp-content/uploads/2025/12/London-Aluminium-Driveway-Gate.jpg,orders@readymadegates.co.uk
London,4000,1800,1848,HF004DG,RMG004DG,1099.84,https://helionsforge.com/wp-content/uploads/2025/12/London-Aluminium-Driveway-Gate.jpg,orders@readymadegates.co.uk
London,4000,2000,1994,HF004DG,RMG004DG,1186.64,https://helionsforge.com/wp-content/uploads/2025/12/London-Aluminium-Driveway-Gate.jpg,orders@readymadegates.co.uk
London,4000,2200,2138,HF004DG,RMG004DG,1272.88,https://helionsforge.com/wp-content/uploads/2025/12/London-Aluminium-Driveway-Gate.jpg,orders@readymadegates.co.uk
Essex,3000,1600,1422,HF005DG,RMG005DG,846.16,https://helionsforge.com/wp-content/uploads/2025/01/Essex-aluminium-driveway-gates.jpeg,orders@readymadegates.co.uk
Essex,3000,1800,1537,HF005DG,RMG005DG,915.04,https://helionsforge.com/wp-content/uploads/2025/01/Essex-aluminium-driveway-gates.jpeg,orders@readymadegates.co.uk
Essex,3000,2000,1649,HF005DG,RMG005DG,981.68,https://helionsforge.com/wp-content/uploads/2025/01/Essex-aluminium-driveway-gates.jpeg,orders@readymadegates.co.uk
Essex,3000,2200,1760,HF005DG,RMG005DG,1047.76,https://helionsforge.com/wp-content/uploads/2025/01/Essex-aluminium-driveway-gates.jpeg,orders@readymadegates.co.uk
Essex,3250,1600,1509,HF005DG,RMG005DG,898.24,https://helionsforge.com/wp-content/uploads/2025/01/Essex-aluminium-driveway-gates.jpeg,orders@readymadegates.co.uk
Essex,3250,1800,1634,HF005DG,RMG005DG,972.72,https://helionsforge.com/wp-content/uploads/2025/01/Essex-aluminium-driveway-gates.jpeg,orders@readymadegates.co.uk
Essex,3250,2000,1756,HF005DG,RMG005DG,1044.96,https://helionsforge.com/wp-content/uploads/2025/01/Essex-aluminium-driveway-gates.jpeg,orders@readymadegates.co.uk
Essex,3250,2200,1882,HF005DG,RMG005DG,1120,https://helionsforge.com/wp-content/uploads/2025/01/Essex-aluminium-driveway-gates.jpeg,orders@readymadegates.co.uk
Essex,3500,1600,1572,HF005DG,RMG005DG,935.76,https://helionsforge.com/wp-content/uploads/2025/01/Essex-aluminium-driveway-gates.jpeg,orders@readymadegates.co.uk
Essex,3500,1800,1697,HF005DG,RMG005DG,1010.24,https://helionsforge.com/wp-content/uploads/2025/01/Essex-aluminium-driveway-gates.jpeg,orders@readymadegates.co.uk
Essex,3500,2000,1828,HF005DG,RMG005DG,1088.08,https://helionsforge.com/wp-content/uploads/2025/01/Essex-aluminium-driveway-gates.jpeg,orders@readymadegates.co.uk
Essex,3500,2200,1960,HF005DG,RMG005DG,1166.48,https://helionsforge.com/wp-content/uploads/2025/01/Essex-aluminium-driveway-gates.jpeg,orders@readymadegates.co.uk
Essex,3750,1600,1629,HF005DG,RMG005DG,969.92,https://helionsforge.com/wp-content/uploads/2025/01/Essex-aluminium-driveway-gates.jpeg,orders@readymadegates.co.uk
Essex,3750,1800,1760,HF005DG,RMG005DG,1047.76,https://helionsforge.com/wp-content/uploads/2025/01/Essex-aluminium-driveway-gates.jpeg,orders@readymadegates.co.uk
Essex,3750,2000,1901,HF005DG,RMG005DG,1131.76,https://helionsforge.com/wp-content/uploads/2025/01/Essex-aluminium-driveway-gates.jpeg,orders@readymadegates.co.uk
Essex,3750,2200,2032,HF005DG,RMG005DG,1209.6,https://helionsforge.com/wp-content/uploads/2025/01/Essex-aluminium-driveway-gates.jpeg,orders@readymadegates.co.uk
Essex,4000,1600,1688,HF005DG,RMG005DG,1004.64,https://helionsforge.com/wp-content/uploads/2025/01/Essex-aluminium-driveway-gates.jpeg,orders@readymadegates.co.uk
Essex,4000,1800,1828,HF005DG,RMG005DG,1088.08,https://helionsforge.com/wp-content/uploads/2025/01/Essex-aluminium-driveway-gates.jpeg,orders@readymadegates.co.uk
Essex,4000,2000,1969,HF005DG,RMG005DG,1172.08,https://helionsforge.com/wp-content/uploads/2025/01/Essex-aluminium-driveway-gates.jpeg,orders@readymadegates.co.uk
Essex,4000,2200,2114,HF005DG,RMG005DG,1258.32,https://helionsforge.com/wp-content/uploads/2025/01/Essex-aluminium-driveway-gates.jpeg,orders@readymadegates.co.uk
Buckinghamshire,3000,1600,1343,HF006DG,RMG006DG,799.68,https://helionsforge.com/wp-content/uploads/2025/12/Buckinghamshire-Aluminium-Driveway-Gate.jpg,orders@readymadegates.co.uk
Buckinghamshire,3000,1800,1455,HF006DG,RMG006DG,866.32,https://helionsforge.com/wp-content/uploads/2025/12/Buckinghamshire-Aluminium-Driveway-Gate.jpg,orders@readymadegates.co.uk
Buckinghamshire,3000,2000,1566,HF006DG,RMG006DG,932.4,https://helionsforge.com/wp-content/uploads/2025/12/Buckinghamshire-Aluminium-Driveway-Gate.jpg,orders@readymadegates.co.uk
Buckinghamshire,3000,2200,1683,HF006DG,RMG006DG,1001.84,https://helionsforge.com/wp-content/uploads/2025/12/Buckinghamshire-Aluminium-Driveway-Gate.jpg,orders@readymadegates.co.uk
Buckinghamshire,3250,1600,1412,HF006DG,RMG006DG,840.56,https://helionsforge.com/wp-content/uploads/2025/12/Buckinghamshire-Aluminium-Driveway-Gate.jpg,orders@readymadegates.co.uk
Buckinghamshire,3250,1800,1537,HF006DG,RMG006DG,915.04,https://helionsforge.com/wp-content/uploads/2025/12/Buckinghamshire-Aluminium-Driveway-Gate.jpg,orders@readymadegates.co.uk
Buckinghamshire,3250,2000,1663,HF006DG,RMG006DG,990.08,https://helionsforge.com/wp-content/uploads/2025/12/Buckinghamshire-Aluminium-Driveway-Gate.jpg,orders@readymadegates.co.uk
Buckinghamshire,3250,2200,1784,HF006DG,RMG006DG,1061.76,https://helionsforge.com/wp-content/uploads/2025/12/Buckinghamshire-Aluminium-Driveway-Gate.jpg,orders@readymadegates.co.uk
Buckinghamshire,3500,1600,1440,HF006DG,RMG006DG,857.36,https://helionsforge.com/wp-content/uploads/2025/12/Buckinghamshire-Aluminium-Driveway-Gate.jpg,orders@readymadegates.co.uk
Buckinghamshire,3500,1800,1597,HF006DG,RMG006DG,950.88,https://helionsforge.com/wp-content/uploads/2025/12/Buckinghamshire-Aluminium-Driveway-Gate.jpg,orders@readymadegates.co.uk
Buckinghamshire,3500,2000,1726,HF006DG,RMG006DG,1027.6,https://helionsforge.com/wp-content/uploads/2025/12/Buckinghamshire-Aluminium-Driveway-Gate.jpg,orders@readymadegates.co.uk
Buckinghamshire,3500,2200,1855,HF006DG,RMG006DG,1104.32,https://helionsforge.com/wp-content/uploads/2025/12/Buckinghamshire-Aluminium-Driveway-Gate.jpg,orders@readymadegates.co.uk
Buckinghamshire,3750,1600,1522,HF006DG,RMG006DG,906.08,https://helionsforge.com/wp-content/uploads/2025/12/Buckinghamshire-Aluminium-Driveway-Gate.jpg,orders@readymadegates.co.uk
Buckinghamshire,3750,1800,1655,HF006DG,RMG006DG,985.04,https://helionsforge.com/wp-content/uploads/2025/12/Buckinghamshire-Aluminium-Driveway-Gate.jpg,orders@readymadegates.co.uk
Buckinghamshire,3750,2000,1793,HF006DG,RMG006DG,1067.36,https://helionsforge.com/wp-content/uploads/2025/12/Buckinghamshire-Aluminium-Driveway-Gate.jpg,orders@readymadegates.co.uk
Buckinghamshire,3750,2200,1926,HF006DG,RMG006DG,1146.32,https://helionsforge.com/wp-content/uploads/2025/12/Buckinghamshire-Aluminium-Driveway-Gate.jpg,orders@readymadegates.co.uk
Buckinghamshire,4000,1600,1575,HF006DG,RMG006DG,937.44,https://helionsforge.com/wp-content/uploads/2025/12/Buckinghamshire-Aluminium-Driveway-Gate.jpg,orders@readymadegates.co.uk
Buckinghamshire,4000,1800,1713,HF006DG,RMG006DG,1019.76,https://helionsforge.com/wp-content/uploads/2025/12/Buckinghamshire-Aluminium-Driveway-Gate.jpg,orders@readymadegates.co.uk
Buckinghamshire,4000,2000,1855,HF006DG,RMG006DG,1104.32,https://helionsforge.com/wp-content/uploads/2025/12/Buckinghamshire-Aluminium-Driveway-Gate.jpg,orders@readymadegates.co.uk
Buckinghamshire,4000,2200,1997,HF006DG,RMG006DG,1188.88,https://helionsforge.com/wp-content/uploads/2025/12/Buckinghamshire-Aluminium-Driveway-Gate.jpg,orders@readymadegates.co.uk
Suffolk,3000,1600,1343,HF007DG,RMG007DG,799.68,https://helionsforge.com/wp-content/uploads/2025/12/Suffolk-Aluminium-Driveway-Gates.jpg,orders@readymadegates.co.uk
Suffolk,3000,1800,1455,HF007DG,RMG007DG,866.32,https://helionsforge.com/wp-content/uploads/2025/12/Suffolk-Aluminium-Driveway-Gates.jpg,orders@readymadegates.co.uk
Suffolk,3000,2000,1566,HF007DG,RMG007DG,932.4,https://helionsforge.com/wp-content/uploads/2025/12/Suffolk-Aluminium-Driveway-Gates.jpg,orders@readymadegates.co.uk
Suffolk,3000,2200,1683,HF007DG,RMG007DG,1001.84,https://helionsforge.com/wp-content/uploads/2025/12/Suffolk-Aluminium-Driveway-Gates.jpg,orders@readymadegates.co.uk
Suffolk,3250,1600,1412,HF007DG,RMG007DG,840.56,https://helionsforge.com/wp-content/uploads/2025/12/Suffolk-Aluminium-Driveway-Gates.jpg,orders@readymadegates.co.uk
Suffolk,3250,1800,1537,HF007DG,RMG007DG,915.04,https://helionsforge.com/wp-content/uploads/2025/12/Suffolk-Aluminium-Driveway-Gates.jpg,orders@readymadegates.co.uk
Suffolk,3250,2000,1663,HF007DG,RMG007DG,990.08,https://helionsforge.com/wp-content/uploads/2025/12/Suffolk-Aluminium-Driveway-Gates.jpg,orders@readymadegates.co.uk
Suffolk,3250,2200,1784,HF007DG,RMG007DG,1061.76,https://helionsforge.com/wp-content/uploads/2025/12/Suffolk-Aluminium-Driveway-Gates.jpg,orders@readymadegates.co.uk
Suffolk,3500,1600,1440,HF007DG,RMG007DG,857.36,https://helionsforge.com/wp-content/uploads/2025/12/Suffolk-Aluminium-Driveway-Gates.jpg,orders@readymadegates.co.uk
Suffolk,3500,1800,1597,HF007DG,RMG007DG,950.88,https://helionsforge.com/wp-content/uploads/2025/12/Suffolk-Aluminium-Driveway-Gates.jpg,orders@readymadegates.co.uk
Suffolk,3500,2000,1726,HF007DG,RMG007DG,1027.6,https://helionsforge.com/wp-content/uploads/2025/12/Suffolk-Aluminium-Driveway-Gates.jpg,orders@readymadegates.co.uk
Suffolk,3500,2200,1855,HF007DG,RMG007DG,1104.32,https://helionsforge.com/wp-content/uploads/2025/12/Suffolk-Aluminium-Driveway-Gates.jpg,orders@readymadegates.co.uk
Suffolk,3750,1600,1522,HF007DG,RMG007DG,906.08,https://helionsforge.com/wp-content/uploads/2025/12/Suffolk-Aluminium-Driveway-Gates.jpg,orders@readymadegates.co.uk
Suffolk,3750,1800,1655,HF007DG,RMG007DG,985.04,https://helionsforge.com/wp-content/uploads/2025/12/Suffolk-Aluminium-Driveway-Gates.jpg,orders@readymadegates.co.uk
Suffolk,3750,2000,1793,HF007DG,RMG007DG,1067.36,https://helionsforge.com/wp-content/uploads/2025/12/Suffolk-Aluminium-Driveway-Gates.jpg,orders@readymadegates.co.uk
Suffolk,3750,2200,1926,HF007DG,RMG007DG,1146.32,https://helionsforge.com/wp-content/uploads/2025/12/Suffolk-Aluminium-Driveway-Gates.jpg,orders@readymadegates.co.uk
Suffolk,4000,1600,1575,HF007DG,RMG007DG,937.44,https://helionsforge.com/wp-content/uploads/2025/12/Suffolk-Aluminium-Driveway-Gates.jpg,orders@readymadegates.co.uk
Suffolk,4000,1800,1713,HF007DG,RMG007DG,1019.76,https://helionsforge.com/wp-content/uploads/2025/12/Suffolk-Aluminium-Driveway-Gates.jpg,orders@readymadegates.co.uk
Suffolk,4000,2000,1855,HF007DG,RMG007DG,1104.32,https://helionsforge.com/wp-content/uploads/2025/12/Suffolk-Aluminium-Driveway-Gates.jpg,orders@readymadegates.co.uk
Suffolk,4000,2200,1997,HF007DG,RMG007DG,1188.88,https://helionsforge.com/wp-content/uploads/2025/12/Suffolk-Aluminium-Driveway-Gates.jpg,orders@readymadegates.co.uk
Northamptonshire,3500,1800,1943,HF008DG,RMG008DG,1156.4,https://helionsforge.com/wp-content/uploads/2025/12/Northamptonshire-Aluminium-Driveway-Gate.jpg,orders@readymadegates.co.uk
Northamptonshire,3500,2000,2059,HF008DG,RMG008DG,1225.84,https://helionsforge.com/wp-content/uploads/2025/12/Northamptonshire-Aluminium-Driveway-Gate.jpg,orders@readymadegates.co.uk
Northamptonshire,3750,1800,2049,HF008DG,RMG008DG,1219.68,https://helionsforge.com/wp-content/uploads/2025/12/Northamptonshire-Aluminium-Driveway-Gate.jpg,orders@readymadegates.co.uk
Northamptonshire,3750,2000,2175,HF008DG,RMG008DG,1294.72,https://helionsforge.com/wp-content/uploads/2025/12/Northamptonshire-Aluminium-Driveway-Gate.jpg,orders@readymadegates.co.uk
Northamptonshire,4000,1800,2146,HF008DG,RMG008DG,1277.36,https://helionsforge.com/wp-content/uploads/2025/12/Northamptonshire-Aluminium-Driveway-Gate.jpg,orders@readymadegates.co.uk
Northamptonshire,4250,1800,2233,HF008DG,RMG008DG,1329.44,https://helionsforge.com/wp-content/uploads/2025/12/Northamptonshire-Aluminium-Driveway-Gate.jpg,orders@readymadegates.co.uk
Northamptonshire,4250,2000,2587,HF008DG,RMG008DG,1540,https://helionsforge.com/wp-content/uploads/2025/12/Northamptonshire-Aluminium-Driveway-Gate.jpg,orders@readymadegates.co.uk
Northamptonshire,4500,1800,2267,HF008DG,RMG008DG,1349.6,https://helionsforge.com/wp-content/uploads/2025/12/Northamptonshire-Aluminium-Driveway-Gate.jpg,orders@readymadegates.co.uk
Northamptonshire,4500,2000,2461,HF008DG,RMG008DG,1464.96,https://helionsforge.com/wp-content/uploads/2025/12/Northamptonshire-Aluminium-Driveway-Gate.jpg,orders@readymadegates.co.uk
Norfolk,3500,1800,2141,HF009DG,RMG009DG,1274.56,"https://helionsforge.com/wp-content/uploads/2025/12/Norfolk-Aluminium-Driveway-Gate.jpg,",orders@readymadegates.co.uk
Norfolk,3500,2000,2267,HF009DG,RMG009DG,1349.6,"https://helionsforge.com/wp-content/uploads/2025/12/Norfolk-Aluminium-Driveway-Gate.jpg,",orders@readymadegates.co.uk
Norfolk,3750,1800,2263,HF009DG,RMG009DG,1346.8,"https://helionsforge.com/wp-content/uploads/2025/12/Norfolk-Aluminium-Driveway-Gate.jpg,",orders@readymadegates.co.uk
Norfolk,3750,2000,2398,HF009DG,RMG009DG,1427.44,"https://helionsforge.com/wp-content/uploads/2025/12/Norfolk-Aluminium-Driveway-Gate.jpg,",orders@readymadegates.co.uk
Norfolk,4000,1800,2364,HF009DG,RMG009DG,1407.28,"https://helionsforge.com/wp-content/uploads/2025/12/Norfolk-Aluminium-Driveway-Gate.jpg,",orders@readymadegates.co.uk
Norfolk,4250,1800,2461,HF009DG,RMG009DG,1464.96,"https://helionsforge.com/wp-content/uploads/2025/12/Norfolk-Aluminium-Driveway-Gate.jpg,",orders@readymadegates.co.uk
Norfolk,4250,2000,2607,HF009DG,RMG009DG,1551.76,"https://helionsforge.com/wp-content/uploads/2025/12/Norfolk-Aluminium-Driveway-Gate.jpg,",orders@readymadegates.co.uk
Norfolk,4500,1800,2559,HF009DG,RMG009DG,1523.2,"https://helionsforge.com/wp-content/uploads/2025/12/Norfolk-Aluminium-Driveway-Gate.jpg,",orders@readymadegates.co.uk
Norfolk,4500,2000,2709,HF009DG,RMG009DG,1612.24,"https://helionsforge.com/wp-content/uploads/2025/12/Norfolk-Aluminium-Driveway-Gate.jpg,",orders@readymadegates.co.uk
Bedfordshire,3000,1000,1458,HF010DG,RMG014DG,868,https://helionsforge.com/wp-content/uploads/2025/12/Bedfordshire-Aluminium-Driveway-Gates-2.jpg,orders@readymadegates.co.uk
Bedfordshire,3000,1200,1529,HF010DG,RMG014DG,910,https://helionsforge.com/wp-content/uploads/2025/12/Bedfordshire-Aluminium-Driveway-Gates-2.jpg,orders@readymadegates.co.uk
Bedfordshire,3000,1400,1576,HF010DG,RMG014DG,938,https://helionsforge.com/wp-content/uploads/2025/12/Bedfordshire-Aluminium-Driveway-Gates-2.jpg,orders@readymadegates.co.uk
Bedfordshire,3000,1600,1618,HF010DG,RMG014DG,963.2,https://helionsforge.com/wp-content/uploads/2025/12/Bedfordshire-Aluminium-Driveway-Gates-2.jpg,orders@readymadegates.co.uk
Bedfordshire,3000,1800,1665,HF010DG,RMG014DG,991.2,https://helionsforge.com/wp-content/uploads/2025/12/Bedfordshire-Aluminium-Driveway-Gates-2.jpg,orders@readymadegates.co.uk
Bedfordshire,3000,2000,1712,HF010DG,RMG014DG,1019.2,https://helionsforge.com/wp-content/uploads/2025/12/Bedfordshire-Aluminium-Driveway-Gates-2.jpg,orders@readymadegates.co.uk
Bedfordshire,3250,1000,1501,HF010DG,RMG014DG,893.2,https://helionsforge.com/wp-content/uploads/2025/12/Bedfordshire-Aluminium-Driveway-Gates-2.jpg,orders@readymadegates.co.uk
Bedfordshire,3250,1200,1552,HF010DG,RMG014DG,924,https://helionsforge.com/wp-content/uploads/2025/12/Bedfordshire-Aluminium-Driveway-Gates-2.jpg,orders@readymadegates.co.uk
Bedfordshire,3250,1400,1604,HF010DG,RMG014DG,954.8,https://helionsforge.com/wp-content/uploads/2025/12/Bedfordshire-Aluminium-Driveway-Gates-2.jpg,orders@readymadegates.co.uk
Bedfordshire,3250,1600,1642,HF010DG,RMG014DG,977.2,https://helionsforge.com/wp-content/uploads/2025/12/Bedfordshire-Aluminium-Driveway-Gates-2.jpg,orders@readymadegates.co.uk
Bedfordshire,3250,1800,1693,HF010DG,RMG014DG,1008,https://helionsforge.com/wp-content/uploads/2025/12/Bedfordshire-Aluminium-Driveway-Gates-2.jpg,orders@readymadegates.co.uk
Bedfordshire,3250,2000,1745,HF010DG,RMG014DG,1038.8,https://helionsforge.com/wp-content/uploads/2025/12/Bedfordshire-Aluminium-Driveway-Gates-2.jpg,orders@readymadegates.co.uk
Bedfordshire,3500,1000,1524,HF010DG,RMG014DG,907.2,https://helionsforge.com/wp-content/uploads/2025/12/Bedfordshire-Aluminium-Driveway-Gates-2.jpg,orders@readymadegates.co.uk
Bedfordshire,3500,1200,1571,HF010DG,RMG014DG,935.2,https://helionsforge.com/wp-content/uploads/2025/12/Bedfordshire-Aluminium-Driveway-Gates-2.jpg,orders@readymadegates.co.uk
Bedfordshire,3500,1400,1628,HF010DG,RMG014DG,968.8,https://helionsforge.com/wp-content/uploads/2025/12/Bedfordshire-Aluminium-Driveway-Gates-2.jpg,orders@readymadegates.co.uk
Bedfordshire,3500,1600,1675,HF010DG,RMG014DG,996.8,https://helionsforge.com/wp-content/uploads/2025/12/Bedfordshire-Aluminium-Driveway-Gates-2.jpg,orders@readymadegates.co.uk
Bedfordshire,3500,1800,1726,HF010DG,RMG014DG,1027.6,https://helionsforge.com/wp-content/uploads/2025/12/Bedfordshire-Aluminium-Driveway-Gates-2.jpg,orders@readymadegates.co.uk
Bedfordshire,3500,2000,1778,HF010DG,RMG014DG,1058.4,https://helionsforge.com/wp-content/uploads/2025/12/Bedfordshire-Aluminium-Driveway-Gates-2.jpg,orders@readymadegates.co.uk
Bedfordshire,3750,1000,1552,HF010DG,RMG014DG,924,https://helionsforge.com/wp-content/uploads/2025/12/Bedfordshire-Aluminium-Driveway-Gates-2.jpg,orders@readymadegates.co.uk
Bedfordshire,3750,1200,1609,HF010DG,RMG014DG,957.6,https://helionsforge.com/wp-content/uploads/2025/12/Bedfordshire-Aluminium-Driveway-Gates-2.jpg,orders@readymadegates.co.uk
Bedfordshire,3750,1400,1665,HF010DG,RMG014DG,991.2,https://helionsforge.com/wp-content/uploads/2025/12/Bedfordshire-Aluminium-Driveway-Gates-2.jpg,orders@readymadegates.co.uk
Bedfordshire,3750,1600,1712,HF010DG,RMG014DG,1019.2,https://helionsforge.com/wp-content/uploads/2025/12/Bedfordshire-Aluminium-Driveway-Gates-2.jpg,orders@readymadegates.co.uk
Bedfordshire,3750,1800,1745,HF010DG,RMG014DG,1038.8,https://helionsforge.com/wp-content/uploads/2025/12/Bedfordshire-Aluminium-Driveway-Gates-2.jpg,orders@readymadegates.co.uk
Bedfordshire,3750,2000,1830,HF010DG,RMG014DG,1089.2,https://helionsforge.com/wp-content/uploads/2025/12/Bedfordshire-Aluminium-Driveway-Gates-2.jpg,orders@readymadegates.co.uk
Bedfordshire,4000,1000,1576,HF010DG,RMG014DG,938,https://helionsforge.com/wp-content/uploads/2025/12/Bedfordshire-Aluminium-Driveway-Gates-2.jpg,orders@readymadegates.co.uk
Bedfordshire,4000,1200,1637,HF010DG,RMG014DG,974.4,https://helionsforge.com/wp-content/uploads/2025/12/Bedfordshire-Aluminium-Driveway-Gates-2.jpg,orders@readymadegates.co.uk
Bedfordshire,4000,1400,1693,HF010DG,RMG014DG,1008,https://helionsforge.com/wp-content/uploads/2025/12/Bedfordshire-Aluminium-Driveway-Gates-2.jpg,orders@readymadegates.co.uk
Bedfordshire,4000,1600,1745,HF010DG,RMG014DG,1038.8,https://helionsforge.com/wp-content/uploads/2025/12/Bedfordshire-Aluminium-Driveway-Gates-2.jpg,orders@readymadegates.co.uk
Bedfordshire,4000,1800,1802,HF010DG,RMG014DG,1072.4,https://helionsforge.com/wp-content/uploads/2025/12/Bedfordshire-Aluminium-Driveway-Gates-2.jpg,orders@readymadegates.co.uk
Bedfordshire,4000,2000,1867,HF010DG,RMG014DG,1111.6,https://helionsforge.com/wp-content/uploads/2025/12/Bedfordshire-Aluminium-Driveway-Gates-2.jpg,orders@readymadegates.co.uk