design_name,width_mm,height_mm,price_gbp,helions_sku,photo_url
Saffron Walden,2500,1600,1913.9,HF011DG,https://helionsforge.com/wp-content/uploads/2025/11/Hertfordshire-Iron-Driveway-Gate-Design.jpg
Saffron Walden,2500,1800,2057.44,HF011DG,https://helionsforge.com/wp-content/uploads/2025/11/Hertfordshire-Iron-Driveway-Gate-Design.jpg
Saffron Walden,2500,2000,2200.99,HF011DG,https://helionsforge.com/wp-content/uploads/2025/11/Hertfordshire-Iron-Driveway-Gate-Design.jpg
Saffron Walden,2500,2200,2344.53,HF011DG,https://helionsforge.com/wp-content/uploads/2025/11/Hertfordshire-Iron-Driveway-Gate-Design.jpg
Saffron Walden,3000,1600,2057.44,HF011DG,https://helionsforge.com/wp-content/uploads/2025/11/Hertfordshire-Iron-Driveway-Gate-Design.jpg
Saffron Walden,3000,1800,2200.99,HF011DG,https://helionsforge.com/wp-content/uploads/2025/11/Hertfordshire-Iron-Driveway-Gate-Design.jpg
Saffron Walden,3000,2000,2344.53,HF011DG,https://helionsforge.com/wp-content/uploads/2025/11/Hertfordshire-Iron-Driveway-Gate-Design.jpg
Saffron Walden,3000,2200,2488.07,HF011DG,https://helionsforge.com/wp-content/uploads/2025/11/Hertfordshire-Iron-Driveway-Gate-Design.jpg
Saffron Walden,3500,1600,2200.99,HF011DG,https://helionsforge.com/wp-content/uploads/2025/11/Hertfordshire-Iron-Driveway-Gate-Design.jpg
Saffron Walden,3500,1800,2344.53,HF011DG,https://helionsforge.com/wp-content/uploads/2025/11/Hertfordshire-Iron-Driveway-Gate-Design.jpg
Saffron Walden,3500,2000,2488.07,HF011DG,https://helionsforge.com/wp-content/uploads/2025/11/Hertfordshire-Iron-Driveway-Gate-Design.jpg
Saffron Walden,3500,2200,2344.53,HF011DG,https://helionsforge.com/wp-content/uploads/2025/11/Hertfordshire-Iron-Driveway-Gate-Design.jpg
Saffron Walden,4000,1600,2488.07,HF011DG,https://helionsforge.com/wp-content/uploads/2025/11/Hertfordshire-Iron-Driveway-Gate-Design.jpg
Saffron Walden,4000,1800,2631.61,HF011DG,https://helionsforge.com/wp-content/uploads/2025/11/Hertfordshire-Iron-Driveway-Gate-Design.jpg
Saffron Walden,4000,2000,2775.16,HF011DG,https://helionsforge.com/wp-content/uploads/2025/11/Hertfordshire-Iron-Driveway-Gate-Design.jpg
Saffron Walden,4000,2200,2918.7,HF011DG,https://helionsforge.com/wp-content/uploads/2025/11/Hertfordshire-Iron-Driveway-Gate-Design.jpg
Saffron Walden,4500,1600,2631.61,HF011DG,https://helionsforge.com/wp-content/uploads/2025/11/Hertfordshire-Iron-Driveway-Gate-Design.jpg
Saffron Walden,4500,1800,2775.16,HF011DG,https://helionsforge.com/wp-content/uploads/2025/11/Hertfordshire-Iron-Driveway-Gate-Design.jpg
Saffron Walden,4500,2000,2918.7,HF011DG,https://helionsforge.com/wp-content/uploads/2025/11/Hertfordshire-Iron-Driveway-Gate-Design.jpg
Saffron Walden,4500,2200,3062.24,HF011DG,https://helionsforge.com/wp-content/uploads/2025/11/Hertfordshire-Iron-Driveway-Gate-Design.jpg
Saffron Walden,5000,1600,3205.78,HF011DG,https://helionsforge.com/wp-content/uploads/2025/11/Hertfordshire-Iron-Driveway-Gate-Design.jpg
Saffron Walden,5000,1800,3349.33,HF011DG,https://helionsforge.com/wp-content/uploads/2025/11/Hertfordshire-Iron-Driveway-Gate-Design.jpg
Saffron Walden,5000,2000,3492.87,HF011DG,https://helionsforge.com/wp-content/uploads/2025/11/Hertfordshire-Iron-Driveway-Gate-Design.jpg
Saffron Walden,5000,2200,3636.41,HF011DG,https://helionsforge.com/wp-content/uploads/2025/11/Hertfordshire-Iron-Driveway-Gate-Design.jpg
Bury St Edmunds,2500,1600,2325.44,HF012DG,https://helionsforge.com/wp-content/uploads/2025/11/Cambridgeshire-Iron-Driveway-Gate-Design.jpg
Bury St Edmunds,2500,1800,2441.71,HF012DG,https://helionsforge.com/wp-content/uploads/2025/11/Cambridgeshire-Iron-Driveway-Gate-Design.jpg
Bury St Edmunds,2500,2000,2557.98,HF012DG,https://helionsforge.com/wp-content/uploads/2025/11/Cambridgeshire-Iron-Driveway-Gate-Design.jpg
Bury St Edmunds,2500,2200,2674.26,HF012DG,https://helionsforge.com/wp-content/uploads/2025/11/Cambridgeshire-Iron-Driveway-Gate-Design.jpg
Bury St Edmunds,3000,1600,2441.71,HF012DG,https://helionsforge.com/wp-content/uploads/2025/11/Cambridgeshire-Iron-Driveway-Gate-Design.jpg
Bury St Edmunds,3000,1800,2557.98,HF012DG,https://helionsforge.com/wp-content/uploads/2025/11/Cambridgeshire-Iron-Driveway-Gate-Design.jpg
Bury St Edmunds,3000,2000,2674.26,HF012DG,https://helionsforge.com/wp-content/uploads/2025/11/Cambridgeshire-Iron-Driveway-Gate-Design.jpg
Bury St Edmunds,3000,2200,2790.53,HF012DG,https://helionsforge.com/wp-content/uploads/2025/11/Cambridgeshire-Iron-Driveway-Gate-Design.jpg
Bury St Edmunds,3500,1600,2557.98,HF012DG,https://helionsforge.com/wp-content/uploads/2025/11/Cambridgeshire-Iron-Driveway-Gate-Design.jpg
Bury St Edmunds,3500,1800,2674.26,HF012DG,https://helionsforge.com/wp-content/uploads/2025/11/Cambridgeshire-Iron-Driveway-Gate-Design.jpg
Bury St Edmunds,3500,2000,2790.53,HF012DG,https://helionsforge.com/wp-content/uploads/2025/11/Cambridgeshire-Iron-Driveway-Gate-Design.jpg
Bury St Edmunds,3500,2200,2674.26,HF012DG,https://helionsforge.com/wp-content/uploads/2025/11/Cambridgeshire-Iron-Driveway-Gate-Design.jpg
Bury St Edmunds,4000,1600,2790.53,HF012DG,https://helionsforge.com/wp-content/uploads/2025/11/Cambridgeshire-Iron-Driveway-Gate-Design.jpg
Bury St Edmunds,4000,1800,2906.8,HF012DG,https://helionsforge.com/wp-content/uploads/2025/11/Cambridgeshire-Iron-Driveway-Gate-Design.jpg
Bury St Edmunds,4000,2000,3023.07,HF012DG,https://helionsforge.com/wp-content/uploads/2025/11/Cambridgeshire-Iron-Driveway-Gate-Design.jpg
Bury St Edmunds,4000,2200,3139.34,HF012DG,https://helionsforge.com/wp-content/uploads/2025/11/Cambridgeshire-Iron-Driveway-Gate-Design.jpg
Bury St Edmunds,4500,1600,2906.8,HF012DG,https://helionsforge.com/wp-content/uploads/2025/11/Cambridgeshire-Iron-Driveway-Gate-Design.jpg
Bury St Edmunds,4500,1800,3023.07,HF012DG,https://helionsforge.com/wp-content/uploads/2025/11/Cambridgeshire-Iron-Driveway-Gate-Design.jpg
Bury St Edmunds,4500,2000,3139.34,HF012DG,https://helionsforge.com/wp-content/uploads/2025/11/Cambridgeshire-Iron-Driveway-Gate-Design.jpg
Bury St Edmunds,4500,2200,3255.62,HF012DG,https://helionsforge.com/wp-content/uploads/2025/11/Cambridgeshire-Iron-Driveway-Gate-Design.jpg
Bury St Edmunds,5000,1600,3371.89,HF012DG,https://helionsforge.com/wp-content/uploads/2025/11/Cambridgeshire-Iron-Driveway-Gate-Design.jpg
Bury St Edmunds,5000,1800,3488.16,HF012DG,https://helionsforge.com/wp-content/uploads/2025/11/Cambridgeshire-Iron-Driveway-Gate-Design.jpg
Bury St Edmunds,5000,2000,3604.43,HF012DG,https://helionsforge.com/wp-content/uploads/2025/11/Cambridgeshire-Iron-Driveway-Gate-Design.jpg
Bury St Edmunds,5000,2200,3720.7,HF012DG,https://helionsforge.com/wp-content/uploads/2025/11/Cambridgeshire-Iron-Driveway-Gate-Design.jpg
Grantchester,2500,1600,2356.63,HF013DG,https://helionsforge.com/wp-content/uploads/2025/11/Essex-Iron-Driveway-Gate-Design.jpg
Grantchester,2500,1800,2474.46,HF013DG,https://helionsforge.com/wp-content/uploads/2025/11/Essex-Iron-Driveway-Gate-Design.jpg
Grantchester,2500,2000,2592.29,HF013DG,https://helionsforge.com/wp-content/uploads/2025/11/Essex-Iron-Driveway-Gate-Design.jpg
Grantchester,2500,2200,2710.12,HF013DG,https://helionsforge.com/wp-content/uploads/2025/11/Essex-Iron-Driveway-Gate-Design.jpg
Grantchester,3000,1600,2474.46,HF013DG,https://helionsforge.com/wp-content/uploads/2025/11/Essex-Iron-Driveway-Gate-Design.jpg
Grantchester,3000,1800,2592.29,HF013DG,https://helionsforge.com/wp-content/uploads/2025/11/Essex-Iron-Driveway-Gate-Design.jpg
Grantchester,3000,2000,2710.12,HF013DG,https://helionsforge.com/wp-content/uploads/2025/11/Essex-Iron-Driveway-Gate-Design.jpg
Grantchester,3000,2200,2827.96,HF013DG,https://helionsforge.com/wp-content/uploads/2025/11/Essex-Iron-Driveway-Gate-Design.jpg
Grantchester,3500,1600,2592.29,HF013DG,https://helionsforge.com/wp-content/uploads/2025/11/Essex-Iron-Driveway-Gate-Design.jpg
Grantchester,3500,1800,2710.12,HF013DG,https://helionsforge.com/wp-content/uploads/2025/11/Essex-Iron-Driveway-Gate-Design.jpg
Grantchester,3500,2000,2827.96,HF013DG,https://helionsforge.com/wp-content/uploads/2025/11/Essex-Iron-Driveway-Gate-Design.jpg
Grantchester,3500,2200,2710.12,HF013DG,https://helionsforge.com/wp-content/uploads/2025/11/Essex-Iron-Driveway-Gate-Design.jpg
Grantchester,4000,1600,2827.96,HF013DG,https://helionsforge.com/wp-content/uploads/2025/11/Essex-Iron-Driveway-Gate-Design.jpg
Grantchester,4000,1800,2945.79,HF013DG,https://helionsforge.com/wp-content/uploads/2025/11/Essex-Iron-Driveway-Gate-Design.jpg
Grantchester,4000,2000,3063.62,HF013DG,https://helionsforge.com/wp-content/uploads/2025/11/Essex-Iron-Driveway-Gate-Design.jpg
Grantchester,4000,2200,3181.45,HF013DG,https://helionsforge.com/wp-content/uploads/2025/11/Essex-Iron-Driveway-Gate-Design.jpg
Grantchester,4500,1600,2945.79,HF013DG,https://helionsforge.com/wp-content/uploads/2025/11/Essex-Iron-Driveway-Gate-Design.jpg
Grantchester,4500,1800,3063.62,HF013DG,https://helionsforge.com/wp-content/uploads/2025/11/Essex-Iron-Driveway-Gate-Design.jpg
Grantchester,4500,2000,3181.45,HF013DG,https://helionsforge.com/wp-content/uploads/2025/11/Essex-Iron-Driveway-Gate-Design.jpg
Grantchester,4500,2200,3299.28,HF013DG,https://helionsforge.com/wp-content/uploads/2025/11/Essex-Iron-Driveway-Gate-Design.jpg
Grantchester,5000,1600,3417.11,HF013DG,https://helionsforge.com/wp-content/uploads/2025/11/Essex-Iron-Driveway-Gate-Design.jpg
Grantchester,5000,1800,3534.95,HF013DG,https://helionsforge.com/wp-content/uploads/2025/11/Essex-Iron-Driveway-Gate-Design.jpg
Grantchester,5000,2000,3652.78,HF013DG,https://helionsforge.com/wp-content/uploads/2025/11/Essex-Iron-Driveway-Gate-Design.jpg
Grantchester,5000,2200,3770.61,HF013DG,https://helionsforge.com/wp-content/uploads/2025/11/Essex-Iron-Driveway-Gate-Design.jpg
Burwell,2500,1600,2346.21,HF014DG,https://helionsforge.com/wp-content/uploads/2025/11/Suffolk-Iron-Driveway-Gate-Design.jpg
Burwell,2500,1800,2463.52,HF014DG,https://helionsforge.com/wp-content/uploads/2025/11/Suffolk-Iron-Driveway-Gate-Design.jpg
Burwell,2500,2000,2580.83,HF014DG,https://helionsforge.com/wp-content/uploads/2025/11/Suffolk-Iron-Driveway-Gate-Design.jpg
Burwell,2500,2200,2698.14,HF014DG,https://helionsforge.com/wp-content/uploads/2025/11/Suffolk-Iron-Driveway-Gate-Design.jpg
Burwell,3000,1600,2463.52,HF014DG,https://helionsforge.com/wp-content/uploads/2025/11/Suffolk-Iron-Driveway-Gate-Design.jpg
Burwell,3000,1800,2580.83,HF014DG,https://helionsforge.com/wp-content/uploads/2025/11/Suffolk-Iron-Driveway-Gate-Design.jpg
Burwell,3000,2000,2698.14,HF014DG,https://helionsforge.com/wp-content/uploads/2025/11/Suffolk-Iron-Driveway-Gate-Design.jpg
Burwell,3000,2200,2815.45,HF014DG,https://helionsforge.com/wp-content/uploads/2025/11/Suffolk-Iron-Driveway-Gate-Design.jpg
Burwell,3500,1600,2580.83,HF014DG,https://helionsforge.com/wp-content/uploads/2025/11/Suffolk-Iron-Driveway-Gate-Design.jpg
Burwell,3500,1800,2698.14,HF014DG,https://helionsforge.com/wp-content/uploads/2025/11/Suffolk-Iron-Driveway-Gate-Design.jpg
Burwell,3500,2000,2815.45,HF014DG,https://helionsforge.com/wp-content/uploads/2025/11/Suffolk-Iron-Driveway-Gate-Design.jpg
Burwell,3500,2200,2698.14,HF014DG,https://helionsforge.com/wp-content/uploads/2025/11/Suffolk-Iron-Driveway-Gate-Design.jpg
Burwell,4000,1600,2815.45,HF014DG,https://helionsforge.com/wp-content/uploads/2025/11/Suffolk-Iron-Driveway-Gate-Design.jpg
Burwell,4000,1800,2932.76,HF014DG,https://helionsforge.com/wp-content/uploads/2025/11/Suffolk-Iron-Driveway-Gate-Design.jpg
Burwell,4000,2000,3050.07,HF014DG,https://helionsforge.com/wp-content/uploads/2025/11/Suffolk-Iron-Driveway-Gate-Design.jpg
Burwell,4000,2200,3167.38,HF014DG,https://helionsforge.com/wp-content/uploads/2025/11/Suffolk-Iron-Driveway-Gate-Design.jpg
Burwell,4500,1600,2932.76,HF014DG,https://helionsforge.com/wp-content/uploads/2025/11/Suffolk-Iron-Driveway-Gate-Design.jpg
Burwell,4500,1800,3050.07,HF014DG,https://helionsforge.com/wp-content/uploads/2025/11/Suffolk-Iron-Driveway-Gate-Design.jpg
Burwell,4500,2000,3167.38,HF014DG,https://helionsforge.com/wp-content/uploads/2025/11/Suffolk-Iron-Driveway-Gate-Design.jpg
Burwell,4500,2200,3284.69,HF014DG,https://helionsforge.com/wp-content/uploads/2025/11/Suffolk-Iron-Driveway-Gate-Design.jpg
Burwell,5000,1600,3402,HF014DG,https://helionsforge.com/wp-content/uploads/2025/11/Suffolk-Iron-Driveway-Gate-Design.jpg
Burwell,5000,1800,3519.32,HF014DG,https://helionsforge.com/wp-content/uploads/2025/11/Suffolk-Iron-Driveway-Gate-Design.jpg
Burwell,5000,2000,3636.63,HF014DG,https://helionsforge.com/wp-content/uploads/2025/11/Suffolk-Iron-Driveway-Gate-Design.jpg
Burwell,5000,2200,3753.94,HF014DG,https://helionsforge.com/wp-content/uploads/2025/11/Suffolk-Iron-Driveway-Gate-Design.jpg
Linton,2500,1600,2781.11,HF015DG,https://helionsforge.com/wp-content/uploads/2025/11/Bedfordshire-Iron-Driveway-Gate-Design.jpg
Linton,2500,1800,2920.17,HF015DG,https://helionsforge.com/wp-content/uploads/2025/11/Bedfordshire-Iron-Driveway-Gate-Design.jpg
Linton,2500,2000,3059.22,HF015DG,https://helionsforge.com/wp-content/uploads/2025/11/Bedfordshire-Iron-Driveway-Gate-Design.jpg
Linton,2500,2200,3198.28,HF015DG,https://helionsforge.com/wp-content/uploads/2025/11/Bedfordshire-Iron-Driveway-Gate-Design.jpg
Linton,3000,1600,2920.17,HF015DG,https://helionsforge.com/wp-content/uploads/2025/11/Bedfordshire-Iron-Driveway-Gate-Design.jpg
Linton,3000,1800,3059.22,HF015DG,https://helionsforge.com/wp-content/uploads/2025/11/Bedfordshire-Iron-Driveway-Gate-Design.jpg
Linton,3000,2000,3198.28,HF015DG,https://helionsforge.com/wp-content/uploads/2025/11/Bedfordshire-Iron-Driveway-Gate-Design.jpg
Linton,3000,2200,3337.33,HF015DG,https://helionsforge.com/wp-content/uploads/2025/11/Bedfordshire-Iron-Driveway-Gate-Design.jpg
Linton,3500,1600,3059.22,HF015DG,https://helionsforge.com/wp-content/uploads/2025/11/Bedfordshire-Iron-Driveway-Gate-Design.jpg
Linton,3500,1800,3198.28,HF015DG,https://helionsforge.com/wp-content/uploads/2025/11/Bedfordshire-Iron-Driveway-Gate-Design.jpg
Linton,3500,2000,3337.33,HF015DG,https://helionsforge.com/wp-content/uploads/2025/11/Bedfordshire-Iron-Driveway-Gate-Design.jpg
Linton,3500,2200,3198.28,HF015DG,https://helionsforge.com/wp-content/uploads/2025/11/Bedfordshire-Iron-Driveway-Gate-Design.jpg
Linton,4000,1600,3337.33,HF015DG,https://helionsforge.com/wp-content/uploads/2025/11/Bedfordshire-Iron-Driveway-Gate-Design.jpg
Linton,4000,1800,3476.39,HF015DG,https://helionsforge.com/wp-content/uploads/2025/11/Bedfordshire-Iron-Driveway-Gate-Design.jpg
Linton,4000,2000,3615.44,HF015DG,https://helionsforge.com/wp-content/uploads/2025/11/Bedfordshire-Iron-Driveway-Gate-Design.jpg
Linton,4000,2200,3754.5,HF015DG,https://helionsforge.com/wp-content/uploads/2025/11/Bedfordshire-Iron-Driveway-Gate-Design.jpg
Linton,4500,1600,3476.39,HF015DG,https://helionsforge.com/wp-content/uploads/2025/11/Bedfordshire-Iron-Driveway-Gate-Design.jpg
Linton,4500,1800,3615.44,HF015DG,https://helionsforge.com/wp-content/uploads/2025/11/Bedfordshire-Iron-Driveway-Gate-Design.jpg
Linton,4500,2000,3754.5,HF015DG,https://helionsforge.com/wp-content/uploads/2025/11/Bedfordshire-Iron-Driveway-Gate-Design.jpg
Linton,4500,2200,3893.55,HF015DG,https://helionsforge.com/wp-content/uploads/2025/11/Bedfordshire-Iron-Driveway-Gate-Design.jpg
Linton,5000,1600,4032.61,HF015DG,https://helionsforge.com/wp-content/uploads/2025/11/Bedfordshire-Iron-Driveway-Gate-Design.jpg
Linton,5000,1800,4171.67,HF015DG,https://helionsforge.com/wp-content/uploads/2025/11/Bedfordshire-Iron-Driveway-Gate-Design.jpg
Linton,5000,2000,4310.72,HF015DG,https://helionsforge.com/wp-content/uploads/2025/11/Bedfordshire-Iron-Driveway-Gate-Design.jpg
Linton,5000,2200,4449.78,HF015DG,https://helionsforge.com/wp-content/uploads/2025/11/Bedfordshire-Iron-Driveway-Gate-Design.jpg
Finchingfield,2500,1600,3228.74,HF016DG,https://helionsforge.com/wp-content/uploads/2025/12/Surrey-Iron-Driveway-Gates.png
Finchingfield,2500,1800,3374.03,HF016DG,https://helionsforge.com/wp-content/uploads/2025/12/Surrey-Iron-Driveway-Gates.png
Finchingfield,2500,2000,3519.33,HF016DG,https://helionsforge.com/wp-content/uploads/2025/12/Surrey-Iron-Driveway-Gates.png
Finchingfield,2500,2200,3664.62,HF016DG,https://helionsforge.com/wp-content/uploads/2025/12/Surrey-Iron-Driveway-Gates.png
Finchingfield,3000,1600,3374.03,HF016DG,https://helionsforge.com/wp-content/uploads/2025/12/Surrey-Iron-Driveway-Gates.png
Finchingfield,3000,1800,3519.33,HF016DG,https://helionsforge.com/wp-content/uploads/2025/12/Surrey-Iron-Driveway-Gates.png
Finchingfield,3000,2000,3664.62,HF016DG,https://helionsforge.com/wp-content/uploads/2025/12/Surrey-Iron-Driveway-Gates.png
Finchingfield,3000,2200,3809.91,HF016DG,https://helionsforge.com/wp-content/uploads/2025/12/Surrey-Iron-Driveway-Gates.png
Finchingfield,3500,1600,3519.33,HF016DG,https://helionsforge.com/wp-content/uploads/2025/12/Surrey-Iron-Driveway-Gates.png
Finchingfield,3500,1800,3664.62,HF016DG,https://helionsforge.com/wp-content/uploads/2025/12/Surrey-Iron-Driveway-Gates.png
Finchingfield,3500,2000,3809.91,HF016DG,https://helionsforge.com/wp-content/uploads/2025/12/Surrey-Iron-Driveway-Gates.png
Finchingfield,3500,2200,3664.62,HF016DG,https://helionsforge.com/wp-content/uploads/2025/12/Surrey-Iron-Driveway-Gates.png
Finchingfield,4000,1600,3809.91,HF016DG,https://helionsforge.com/wp-content/uploads/2025/12/Surrey-Iron-Driveway-Gates.png
Finchingfield,4000,1800,3955.21,HF016DG,https://helionsforge.com/wp-content/uploads/2025/12/Surrey-Iron-Driveway-Gates.png
Finchingfield,4000,2000,4100.5,HF016DG,https://helionsforge.com/wp-content/uploads/2025/12/Surrey-Iron-Driveway-Gates.png
Finchingfield,4000,2200,4245.79,HF016DG,https://helionsforge.com/wp-content/uploads/2025/12/Surrey-Iron-Driveway-Gates.png
Finchingfield,4500,1600,3955.21,HF016DG,https://helionsforge.com/wp-content/uploads/2025/12/Surrey-Iron-Driveway-Gates.png
Finchingfield,4500,1800,4100.5,HF016DG,https://helionsforge.com/wp-content/uploads/2025/12/Surrey-Iron-Driveway-Gates.png
Finchingfield,4500,2000,4245.79,HF016DG,https://helionsforge.com/wp-content/uploads/2025/12/Surrey-Iron-Driveway-Gates.png
Finchingfield,4500,2200,4391.09,HF016DG,https://helionsforge.com/wp-content/uploads/2025/12/Surrey-Iron-Driveway-Gates.png
Finchingfield,5000,1600,4536.38,HF016DG,https://helionsforge.com/wp-content/uploads/2025/12/Surrey-Iron-Driveway-Gates.png
Finchingfield,5000,1800,4681.67,HF016DG,https://helionsforge.com/wp-content/uploads/2025/12/Surrey-Iron-Driveway-Gates.png
Finchingfield,5000,2000,4826.97,HF016DG,https://helionsforge.com/wp-content/uploads/2025/12/Surrey-Iron-Driveway-Gates.png
Finchingfield,5000,2200,4972.26,HF016DG,https://helionsforge.com/wp-content/uploads/2025/12/Surrey-Iron-Driveway-Gates.png
Clavering,2500,1600,2832.29,HF017DG,https://helionsforge.com/wp-content/uploads/2025/11/Buckinghamshire-Iron-Driveway-Gate-Design.jpg
Clavering,2500,1800,2959.74,HF017DG,https://helionsforge.com/wp-content/uploads/2025/11/Buckinghamshire-Iron-Driveway-Gate-Design.jpg
Clavering,2500,2000,3087.2,HF017DG,https://helionsforge.com/wp-content/uploads/2025/11/Buckinghamshire-Iron-Driveway-Gate-Design.jpg
Clavering,2500,2200,3214.65,HF017DG,https://helionsforge.com/wp-content/uploads/2025/11/Buckinghamshire-Iron-Driveway-Gate-Design.jpg
Clavering,3000,1600,2959.74,HF017DG,https://helionsforge.com/wp-content/uploads/2025/11/Buckinghamshire-Iron-Driveway-Gate-Design.jpg
Clavering,3000,1800,3087.2,HF017DG,https://helionsforge.com/wp-content/uploads/2025/11/Buckinghamshire-Iron-Driveway-Gate-Design.jpg
Clavering,3000,2000,3214.65,HF017DG,https://helionsforge.com/wp-content/uploads/2025/11/Buckinghamshire-Iron-Driveway-Gate-Design.jpg
Clavering,3000,2200,3342.1,HF017DG,https://helionsforge.com/wp-content/uploads/2025/11/Buckinghamshire-Iron-Driveway-Gate-Design.jpg
Clavering,3500,1600,3087.2,HF017DG,https://helionsforge.com/wp-content/uploads/2025/11/Buckinghamshire-Iron-Driveway-Gate-Design.jpg
Clavering,3500,1800,3214.65,HF017DG,https://helionsforge.com/wp-content/uploads/2025/11/Buckinghamshire-Iron-Driveway-Gate-Design.jpg
Clavering,3500,2000,3342.1,HF017DG,https://helionsforge.com/wp-content/uploads/2025/11/Buckinghamshire-Iron-Driveway-Gate-Design.jpg
Clavering,3500,2200,3214.65,HF017DG,https://helionsforge.com/wp-content/uploads/2025/11/Buckinghamshire-Iron-Driveway-Gate-Design.jpg
Clavering,4000,1600,3342.1,HF017DG,https://helionsforge.com/wp-content/uploads/2025/11/Buckinghamshire-Iron-Driveway-Gate-Design.jpg
Clavering,4000,1800,3469.56,HF017DG,https://helionsforge.com/wp-content/uploads/2025/11/Buckinghamshire-Iron-Driveway-Gate-Design.jpg
Clavering,4000,2000,3597.01,HF017DG,https://helionsforge.com/wp-content/uploads/2025/11/Buckinghamshire-Iron-Driveway-Gate-Design.jpg
Clavering,4000,2200,3724.46,HF017DG,https://helionsforge.com/wp-content/uploads/2025/11/Buckinghamshire-Iron-Driveway-Gate-Design.jpg
Clavering,4500,1600,3469.56,HF017DG,https://helionsforge.com/wp-content/uploads/2025/11/Buckinghamshire-Iron-Driveway-Gate-Design.jpg
Clavering,4500,1800,3597.01,HF017DG,https://helionsforge.com/wp-content/uploads/2025/11/Buckinghamshire-Iron-Driveway-Gate-Design.jpg
Clavering,4500,2000,3724.46,HF017DG,https://helionsforge.com/wp-content/uploads/2025/11/Buckinghamshire-Iron-Driveway-Gate-Design.jpg
Clavering,4500,2200,3851.91,HF017DG,https://helionsforge.com/wp-content/uploads/2025/11/Buckinghamshire-Iron-Driveway-Gate-Design.jpg
Clavering,5000,1600,3979.37,HF017DG,https://helionsforge.com/wp-content/uploads/2025/11/Buckinghamshire-Iron-Driveway-Gate-Design.jpg
Clavering,5000,1800,4106.82,HF017DG,https://helionsforge.com/wp-content/uploads/2025/11/Buckinghamshire-Iron-Driveway-Gate-Design.jpg
Clavering,5000,2000,4234.27,HF017DG,https://helionsforge.com/wp-content/uploads/2025/11/Buckinghamshire-Iron-Driveway-Gate-Design.jpg
Clavering,5000,2200,4361.73,HF017DG,https://helionsforge.com/wp-content/uploads/2025/11/Buckinghamshire-Iron-Driveway-Gate-Design.jpg
Sudbury,2500,1600,3191.64,HF018DG,https://helionsforge.com/wp-content/uploads/2024/11/Custom-Metal-Driveway-Gate-Hertfordshire.jpeg
Sudbury,2500,1800,3319.31,HF018DG,https://helionsforge.com/wp-content/uploads/2024/11/Custom-Metal-Driveway-Gate-Hertfordshire.jpeg
Sudbury,2500,2000,3446.97,HF018DG,https://helionsforge.com/wp-content/uploads/2024/11/Custom-Metal-Driveway-Gate-Hertfordshire.jpeg
Sudbury,2500,2200,3574.64,HF018DG,https://helionsforge.com/wp-content/uploads/2024/11/Custom-Metal-Driveway-Gate-Hertfordshire.jpeg
Sudbury,3000,1600,3319.31,HF018DG,https://helionsforge.com/wp-content/uploads/2024/11/Custom-Metal-Driveway-Gate-Hertfordshire.jpeg
Sudbury,3000,1800,3446.97,HF018DG,https://helionsforge.com/wp-content/uploads/2024/11/Custom-Metal-Driveway-Gate-Hertfordshire.jpeg
Sudbury,3000,2000,3574.64,HF018DG,https://helionsforge.com/wp-content/uploads/2024/11/Custom-Metal-Driveway-Gate-Hertfordshire.jpeg
Sudbury,3000,2200,3702.3,HF018DG,https://helionsforge.com/wp-content/uploads/2024/11/Custom-Metal-Driveway-Gate-Hertfordshire.jpeg
Sudbury,3500,1600,3446.97,HF018DG,https://helionsforge.com/wp-content/uploads/2024/11/Custom-Metal-Driveway-Gate-Hertfordshire.jpeg
Sudbury,3500,1800,3574.64,HF018DG,https://helionsforge.com/wp-content/uploads/2024/11/Custom-Metal-Driveway-Gate-Hertfordshire.jpeg
Sudbury,3500,2000,3702.3,HF018DG,https://helionsforge.com/wp-content/uploads/2024/11/Custom-Metal-Driveway-Gate-Hertfordshire.jpeg
Sudbury,3500,2200,3574.64,HF018DG,https://helionsforge.com/wp-content/uploads/2024/11/Custom-Metal-Driveway-Gate-Hertfordshire.jpeg
Sudbury,4000,1600,3702.3,HF018DG,https://helionsforge.com/wp-content/uploads/2024/11/Custom-Metal-Driveway-Gate-Hertfordshire.jpeg
Sudbury,4000,1800,3829.97,HF018DG,https://helionsforge.com/wp-content/uploads/2024/11/Custom-Metal-Driveway-Gate-Hertfordshire.jpeg
Sudbury,4000,2000,3957.63,HF018DG,https://helionsforge.com/wp-content/uploads/2024/11/Custom-Metal-Driveway-Gate-Hertfordshire.jpeg
Sudbury,4000,2200,4085.3,HF018DG,https://helionsforge.com/wp-content/uploads/2024/11/Custom-Metal-Driveway-Gate-Hertfordshire.jpeg
Sudbury,4500,1600,3829.97,HF018DG,https://helionsforge.com/wp-content/uploads/2024/11/Custom-Metal-Driveway-Gate-Hertfordshire.jpeg
Sudbury,4500,1800,3957.63,HF018DG,https://helionsforge.com/wp-content/uploads/2024/11/Custom-Metal-Driveway-Gate-Hertfordshire.jpeg
Sudbury,4500,2000,4085.3,HF018DG,https://helionsforge.com/wp-content/uploads/2024/11/Custom-Metal-Driveway-Gate-Hertfordshire.jpeg
Sudbury,4500,2200,4212.96,HF018DG,https://helionsforge.com/wp-content/uploads/2024/11/Custom-Metal-Driveway-Gate-Hertfordshire.jpeg
Sudbury,5000,1600,4340.63,HF018DG,https://helionsforge.com/wp-content/uploads/2024/11/Custom-Metal-Driveway-Gate-Hertfordshire.jpeg
Sudbury,5000,1800,4468.3,HF018DG,https://helionsforge.com/wp-content/uploads/2024/11/Custom-Metal-Driveway-Gate-Hertfordshire.jpeg
Sudbury,5000,2000,4595.96,HF018DG,https://helionsforge.com/wp-content/uploads/2024/11/Custom-Metal-Driveway-Gate-Hertfordshire.jpeg
Sudbury,5000,2200,4723.63,HF018DG,https://helionsforge.com/wp-content/uploads/2024/11/Custom-Metal-Driveway-Gate-Hertfordshire.jpeg
Ely,2500,1600,2835.78,HF019DG,https://helionsforge.com/wp-content/uploads/2025/12/Gemini_Generated_Image_hei85bhei85bhei8.jpg
Ely,2500,1800,2949.21,HF019DG,https://helionsforge.com/wp-content/uploads/2025/12/Gemini_Generated_Image_hei85bhei85bhei8.jpg
Ely,2500,2000,3062.64,HF019DG,https://helionsforge.com/wp-content/uploads/2025/12/Gemini_Generated_Image_hei85bhei85bhei8.jpg
Ely,2500,2200,3176.07,HF019DG,https://helionsforge.com/wp-content/uploads/2025/12/Gemini_Generated_Image_hei85bhei85bhei8.jpg
Ely,3000,1600,2949.21,HF019DG,https://helionsforge.com/wp-content/uploads/2025/12/Gemini_Generated_Image_hei85bhei85bhei8.jpg
Ely,3000,1800,3062.64,HF019DG,https://helionsforge.com/wp-content/uploads/2025/12/Gemini_Generated_Image_hei85bhei85bhei8.jpg
Ely,3000,2000,3176.07,HF019DG,https://helionsforge.com/wp-content/uploads/2025/12/Gemini_Generated_Image_hei85bhei85bhei8.jpg
Ely,3000,2200,3289.5,HF019DG,https://helionsforge.com/wp-content/uploads/2025/12/Gemini_Generated_Image_hei85bhei85bhei8.jpg
Ely,3500,1600,3062.64,HF019DG,https://helionsforge.com/wp-content/uploads/2025/12/Gemini_Generated_Image_hei85bhei85bhei8.jpg
Ely,3500,1800,3176.07,HF019DG,https://helionsforge.com/wp-content/uploads/2025/12/Gemini_Generated_Image_hei85bhei85bhei8.jpg
Ely,3500,2000,3289.5,HF019DG,https://helionsforge.com/wp-content/uploads/2025/12/Gemini_Generated_Image_hei85bhei85bhei8.jpg
Ely,3500,2200,3176.07,HF019DG,https://helionsforge.com/wp-content/uploads/2025/12/Gemini_Generated_Image_hei85bhei85bhei8.jpg
Ely,4000,1600,3289.5,HF019DG,https://helionsforge.com/wp-content/uploads/2025/12/Gemini_Generated_Image_hei85bhei85bhei8.jpg
Ely,4000,1800,3402.94,HF019DG,https://helionsforge.com/wp-content/uploads/2025/12/Gemini_Generated_Image_hei85bhei85bhei8.jpg
Ely,4000,2000,3516.37,HF019DG,https://helionsforge.com/wp-content/uploads/2025/12/Gemini_Generated_Image_hei85bhei85bhei8.jpg
Ely,4000,2200,3629.8,HF019DG,https://helionsforge.com/wp-content/uploads/2025/12/Gemini_Generated_Image_hei85bhei85bhei8.jpg
Ely,4500,1600,3402.94,HF019DG,https://helionsforge.com/wp-content/uploads/2025/12/Gemini_Generated_Image_hei85bhei85bhei8.jpg
Ely,4500,1800,3516.37,HF019DG,https://helionsforge.com/wp-content/uploads/2025/12/Gemini_Generated_Image_hei85bhei85bhei8.jpg
Ely,4500,2000,3629.8,HF019DG,https://helionsforge.com/wp-content/uploads/2025/12/Gemini_Generated_Image_hei85bhei85bhei8.jpg
Ely,4500,2200,3743.23,HF019DG,https://helionsforge.com/wp-content/uploads/2025/12/Gemini_Generated_Image_hei85bhei85bhei8.jpg
Ely,5000,1600,3856.66,HF019DG,https://helionsforge.com/wp-content/uploads/2025/12/Gemini_Generated_Image_hei85bhei85bhei8.jpg
Ely,5000,1800,3970.09,HF019DG,https://helionsforge.com/wp-content/uploads/2025/12/Gemini_Generated_Image_hei85bhei85bhei8.jpg
Ely,5000,2000,4083.52,HF019DG,https://helionsforge.com/wp-content/uploads/2025/12/Gemini_Generated_Image_hei85bhei85bhei8.jpg
Ely,5000,2200,4196.95,HF019DG,https://helionsforge.com/wp-content/uploads/2025/12/Gemini_Generated_Image_hei85bhei85bhei8.jpg
Oxford,2500,1600,3147.7,HF020DG,https://helionsforge.com/wp-content/uploads/2025/11/Oxfordshire-Iron-Driveway-Gate-Design.jpg
Oxford,2500,1800,3273.61,HF020DG,https://helionsforge.com/wp-content/uploads/2025/11/Oxfordshire-Iron-Driveway-Gate-Design.jpg
Oxford,2500,2000,3399.52,HF020DG,https://helionsforge.com/wp-content/uploads/2025/11/Oxfordshire-Iron-Driveway-Gate-Design.jpg
Oxford,2500,2200,3525.42,HF020DG,https://helionsforge.com/wp-content/uploads/2025/11/Oxfordshire-Iron-Driveway-Gate-Design.jpg
Oxford,3000,1600,3273.61,HF020DG,https://helionsforge.com/wp-content/uploads/2025/11/Oxfordshire-Iron-Driveway-Gate-Design.jpg
Oxford,3000,1800,3399.52,HF020DG,https://helionsforge.com/wp-content/uploads/2025/11/Oxfordshire-Iron-Driveway-Gate-Design.jpg
Oxford,3000,2000,3525.42,HF020DG,https://helionsforge.com/wp-content/uploads/2025/11/Oxfordshire-Iron-Driveway-Gate-Design.jpg
Oxford,3000,2200,3651.33,HF020DG,https://helionsforge.com/wp-content/uploads/2025/11/Oxfordshire-Iron-Driveway-Gate-Design.jpg
Oxford,3500,1600,3399.52,HF020DG,https://helionsforge.com/wp-content/uploads/2025/11/Oxfordshire-Iron-Driveway-Gate-Design.jpg
Oxford,3500,1800,3525.42,HF020DG,https://helionsforge.com/wp-content/uploads/2025/11/Oxfordshire-Iron-Driveway-Gate-Design.jpg
Oxford,3500,2000,3651.33,HF020DG,https://helionsforge.com/wp-content/uploads/2025/11/Oxfordshire-Iron-Driveway-Gate-Design.jpg
Oxford,3500,2200,3525.42,HF020DG,https://helionsforge.com/wp-content/uploads/2025/11/Oxfordshire-Iron-Driveway-Gate-Design.jpg
Oxford,4000,1600,3651.33,HF020DG,https://helionsforge.com/wp-content/uploads/2025/11/Oxfordshire-Iron-Driveway-Gate-Design.jpg
Oxford,4000,1800,3777.24,HF020DG,https://helionsforge.com/wp-content/uploads/2025/11/Oxfordshire-Iron-Driveway-Gate-Design.jpg
Oxford,4000,2000,3903.15,HF020DG,https://helionsforge.com/wp-content/uploads/2025/11/Oxfordshire-Iron-Driveway-Gate-Design.jpg
Oxford,4000,2200,4029.06,HF020DG,https://helionsforge.com/wp-content/uploads/2025/11/Oxfordshire-Iron-Driveway-Gate-Design.jpg
Oxford,4500,1600,3777.24,HF020DG,https://helionsforge.com/wp-content/uploads/2025/11/Oxfordshire-Iron-Driveway-Gate-Design.jpg
Oxford,4500,1800,3903.15,HF020DG,https://helionsforge.com/wp-content/uploads/2025/11/Oxfordshire-Iron-Driveway-Gate-Design.jpg
Oxford,4500,2000,4029.06,HF020DG,https://helionsforge.com/wp-content/uploads/2025/11/Oxfordshire-Iron-Driveway-Gate-Design.jpg
Oxford,4500,2200,4154.96,HF020DG,https://helionsforge.com/wp-content/uploads/2025/11/Oxfordshire-Iron-Driveway-Gate-Design.jpg
Oxford,5000,1600,4280.87,HF020DG,https://helionsforge.com/wp-content/uploads/2025/11/Oxfordshire-Iron-Driveway-Gate-Design.jpg
Oxford,5000,1800,4406.78,HF020DG,https://helionsforge.com/wp-content/uploads/2025/11/Oxfordshire-Iron-Driveway-Gate-Design.jpg
Oxford,5000,2000,4532.69,HF020DG,https://helionsforge.com/wp-content/uploads/2025/11/Oxfordshire-Iron-Driveway-Gate-Design.jpg
Oxford,5000,2200,4658.6,HF020DG,https://helionsforge.com/wp-content/uploads/2025/11/Oxfordshire-Iron-Driveway-Gate-Design.jpg
Newmarket,2500,1000,1890.2,HF021DG,https://helionsforge.com/wp-content/uploads/2025/11/Newmarket-Estate-Driveway-Gates-300x131.png
Newmarket,2500,1200,1984.71,HF021DG,https://helionsforge.com/wp-content/uploads/2025/11/Newmarket-Estate-Driveway-Gates-300x131.png
Newmarket,2500,1400,2079.22,HF021DG,https://helionsforge.com/wp-content/uploads/2025/11/Newmarket-Estate-Driveway-Gates-300x131.png
Newmarket,2500,1600,2173.73,HF021DG,https://helionsforge.com/wp-content/uploads/2025/11/Newmarket-Estate-Driveway-Gates-300x131.png
Newmarket,3000,1000,1984.71,HF021DG,https://helionsforge.com/wp-content/uploads/2025/11/Newmarket-Estate-Driveway-Gates-300x131.png
Newmarket,3000,1200,2079.22,HF021DG,https://helionsforge.com/wp-content/uploads/2025/11/Newmarket-Estate-Driveway-Gates-300x131.png
Newmarket,3000,1400,2173.73,HF021DG,https://helionsforge.com/wp-content/uploads/2025/11/Newmarket-Estate-Driveway-Gates-300x131.png
Newmarket,3000,1600,2268.24,HF021DG,https://helionsforge.com/wp-content/uploads/2025/11/Newmarket-Estate-Driveway-Gates-300x131.png
Newmarket,3500,1000,2079.22,HF021DG,https://helionsforge.com/wp-content/uploads/2025/11/Newmarket-Estate-Driveway-Gates-300x131.png
Newmarket,3500,1200,2173.73,HF021DG,https://helionsforge.com/wp-content/uploads/2025/11/Newmarket-Estate-Driveway-Gates-300x131.png
Newmarket,3500,1400,2268.24,HF021DG,https://helionsforge.com/wp-content/uploads/2025/11/Newmarket-Estate-Driveway-Gates-300x131.png
Newmarket,3500,1600,2173.73,HF021DG,https://helionsforge.com/wp-content/uploads/2025/11/Newmarket-Estate-Driveway-Gates-300x131.png
Newmarket,4000,1000,2268.24,HF021DG,https://helionsforge.com/wp-content/uploads/2025/11/Newmarket-Estate-Driveway-Gates-300x131.png
Newmarket,4000,1200,2362.75,HF021DG,https://helionsforge.com/wp-content/uploads/2025/11/Newmarket-Estate-Driveway-Gates-300x131.png
Newmarket,4000,1400,2457.26,HF021DG,https://helionsforge.com/wp-content/uploads/2025/11/Newmarket-Estate-Driveway-Gates-300x131.png
Newmarket,4000,1600,2551.77,HF021DG,https://helionsforge.com/wp-content/uploads/2025/11/Newmarket-Estate-Driveway-Gates-300x131.png
Newmarket,4500,1000,2362.75,HF021DG,https://helionsforge.com/wp-content/uploads/2025/11/Newmarket-Estate-Driveway-Gates-300x131.png
Newmarket,4500,1200,2457.26,HF021DG,https://helionsforge.com/wp-content/uploads/2025/11/Newmarket-Estate-Driveway-Gates-300x131.png
Newmarket,4500,1400,2551.77,HF021DG,https://helionsforge.com/wp-content/uploads/2025/11/Newmarket-Estate-Driveway-Gates-300x131.png
Newmarket,4500,1600,2646.28,HF021DG,https://helionsforge.com/wp-content/uploads/2025/11/Newmarket-Estate-Driveway-Gates-300x131.png
Newmarket,5000,1000,2740.79,HF021DG,https://helionsforge.com/wp-content/uploads/2025/11/Newmarket-Estate-Driveway-Gates-300x131.png
Newmarket,5000,1200,2835.3,HF021DG,https://helionsforge.com/wp-content/uploads/2025/11/Newmarket-Estate-Driveway-Gates-300x131.png
Newmarket,5000,1400,2929.81,HF021DG,https://helionsforge.com/wp-content/uploads/2025/11/Newmarket-Estate-Driveway-Gates-300x131.png
Newmarket,5000,1600,3024.32,HF021DG,https://helionsforge.com/wp-content/uploads/2025/11/Newmarket-Estate-Driveway-Gates-300x131.png
Huntingdon,2500,1000,1839.7,HF022DG,https://helionsforge.com/wp-content/uploads/2025/11/Huntingdon-Estate-Driveway-Gates-300x118.png
Huntingdon,2500,1200,1931.69,HF022DG,https://helionsforge.com/wp-content/uploads/2025/11/Huntingdon-Estate-Driveway-Gates-300x118.png
Huntingdon,2500,1400,2023.67,HF022DG,https://helionsforge.com/wp-content/uploads/2025/11/Huntingdon-Estate-Driveway-Gates-300x118.png
Huntingdon,2500,1600,2115.66,HF022DG,https://helionsforge.com/wp-content/uploads/2025/11/Huntingdon-Estate-Driveway-Gates-300x118.png
Huntingdon,3000,1000,1931.69,HF022DG,https://helionsforge.com/wp-content/uploads/2025/11/Huntingdon-Estate-Driveway-Gates-300x118.png
Huntingdon,3000,1200,2023.67,HF022DG,https://helionsforge.com/wp-content/uploads/2025/11/Huntingdon-Estate-Driveway-Gates-300x118.png
Huntingdon,3000,1400,2115.66,HF022DG,https://helionsforge.com/wp-content/uploads/2025/11/Huntingdon-Estate-Driveway-Gates-300x118.png
Huntingdon,3000,1600,2207.64,HF022DG,https://helionsforge.com/wp-content/uploads/2025/11/Huntingdon-Estate-Driveway-Gates-300x118.png
Huntingdon,3500,1000,2023.67,HF022DG,https://helionsforge.com/wp-content/uploads/2025/11/Huntingdon-Estate-Driveway-Gates-300x118.png
Huntingdon,3500,1200,2115.66,HF022DG,https://helionsforge.com/wp-content/uploads/2025/11/Huntingdon-Estate-Driveway-Gates-300x118.png
Huntingdon,3500,1400,2207.64,HF022DG,https://helionsforge.com/wp-content/uploads/2025/11/Huntingdon-Estate-Driveway-Gates-300x118.png
Huntingdon,3500,1600,2115.66,HF022DG,https://helionsforge.com/wp-content/uploads/2025/11/Huntingdon-Estate-Driveway-Gates-300x118.png
Huntingdon,4000,1000,2207.64,HF022DG,https://helionsforge.com/wp-content/uploads/2025/11/Huntingdon-Estate-Driveway-Gates-300x118.png
Huntingdon,4000,1200,2299.63,HF022DG,https://helionsforge.com/wp-content/uploads/2025/11/Huntingdon-Estate-Driveway-Gates-300x118.png
Huntingdon,4000,1400,2391.61,HF022DG,https://helionsforge.com/wp-content/uploads/2025/11/Huntingdon-Estate-Driveway-Gates-300x118.png
Huntingdon,4000,1600,2483.6,HF022DG,https://helionsforge.com/wp-content/uploads/2025/11/Huntingdon-Estate-Driveway-Gates-300x118.png
Huntingdon,4500,1000,2299.63,HF022DG,https://helionsforge.com/wp-content/uploads/2025/11/Huntingdon-Estate-Driveway-Gates-300x118.png
Huntingdon,4500,1200,2391.61,HF022DG,https://helionsforge.com/wp-content/uploads/2025/11/Huntingdon-Estate-Driveway-Gates-300x118.png
Huntingdon,4500,1400,2483.6,HF022DG,https://helionsforge.com/wp-content/uploads/2025/11/Huntingdon-Estate-Driveway-Gates-300x118.png
Huntingdon,4500,1600,2575.58,HF022DG,https://helionsforge.com/wp-content/uploads/2025/11/Huntingdon-Estate-Driveway-Gates-300x118.png
Huntingdon,5000,1000,2667.57,HF022DG,https://helionsforge.com/wp-content/uploads/2025/11/Huntingdon-Estate-Driveway-Gates-300x118.png
Huntingdon,5000,1200,2759.55,HF022DG,https://helionsforge.com/wp-content/uploads/2025/11/Huntingdon-Estate-Driveway-Gates-300x118.png
Huntingdon,5000,1400,2851.54,HF022DG,https://helionsforge.com/wp-content/uploads/2025/11/Huntingdon-Estate-Driveway-Gates-300x118.png
Huntingdon,5000,1600,2943.52,HF022DG,https://helionsforge.com/wp-content/uploads/2025/11/Huntingdon-Estate-Driveway-Gates-300x118.png
Thetford,2500,1000,1797.7,HF023DG,https://helionsforge.com/wp-content/uploads/2025/11/Gemini_Generated_Image_1ofncj1ofncj1ofn-300x118.png
Thetford,2500,1200,1887.59,HF023DG,https://helionsforge.com/wp-content/uploads/2025/11/Gemini_Generated_Image_1ofncj1ofncj1ofn-300x118.png
Thetford,2500,1400,1977.47,HF023DG,https://helionsforge.com/wp-content/uploads/2025/11/Gemini_Generated_Image_1ofncj1ofncj1ofn-300x118.png
Thetford,2500,1600,2067.36,HF023DG,https://helionsforge.com/wp-content/uploads/2025/11/Gemini_Generated_Image_1ofncj1ofncj1ofn-300x118.png
Thetford,3000,1000,1887.59,HF023DG,https://helionsforge.com/wp-content/uploads/2025/11/Gemini_Generated_Image_1ofncj1ofncj1ofn-300x118.png
Thetford,3000,1200,1977.47,HF023DG,https://helionsforge.com/wp-content/uploads/2025/11/Gemini_Generated_Image_1ofncj1ofncj1ofn-300x118.png
Thetford,3000,1400,2067.36,HF023DG,https://helionsforge.com/wp-content/uploads/2025/11/Gemini_Generated_Image_1ofncj1ofncj1ofn-300x118.png
Thetford,3000,1600,2157.24,HF023DG,https://helionsforge.com/wp-content/uploads/2025/11/Gemini_Generated_Image_1ofncj1ofncj1ofn-300x118.png
Thetford,3500,1000,1977.47,HF023DG,https://helionsforge.com/wp-content/uploads/2025/11/Gemini_Generated_Image_1ofncj1ofncj1ofn-300x118.png
Thetford,3500,1200,2067.36,HF023DG,https://helionsforge.com/wp-content/uploads/2025/11/Gemini_Generated_Image_1ofncj1ofncj1ofn-300x118.png
Thetford,3500,1400,2157.24,HF023DG,https://helionsforge.com/wp-content/uploads/2025/11/Gemini_Generated_Image_1ofncj1ofncj1ofn-300x118.png
Thetford,3500,1600,2067.36,HF023DG,https://helionsforge.com/wp-content/uploads/2025/11/Gemini_Generated_Image_1ofncj1ofncj1ofn-300x118.png
Thetford,4000,1000,2157.24,HF023DG,https://helionsforge.com/wp-content/uploads/2025/11/Gemini_Generated_Image_1ofncj1ofncj1ofn-300x118.png
Thetford,4000,1200,2247.13,HF023DG,https://helionsforge.com/wp-content/uploads/2025/11/Gemini_Generated_Image_1ofncj1ofncj1ofn-300x118.png
Thetford,4000,1400,2337.01,HF023DG,https://helionsforge.com/wp-content/uploads/2025/11/Gemini_Generated_Image_1ofncj1ofncj1ofn-300x118.png
Thetford,4000,1600,2426.9,HF023DG,https://helionsforge.com/wp-content/uploads/2025/11/Gemini_Generated_Image_1ofncj1ofncj1ofn-300x118.png
Thetford,4500,1000,2247.13,HF023DG,https://helionsforge.com/wp-content/uploads/2025/11/Gemini_Generated_Image_1ofncj1ofncj1ofn-300x118.png
Thetford,4500,1200,2337.01,HF023DG,https://helionsforge.com/wp-content/uploads/2025/11/Gemini_Generated_Image_1ofncj1ofncj1ofn-300x118.png
Thetford,4500,1400,2426.9,HF023DG,https://helionsforge.com/wp-content/uploads/2025/11/Gemini_Generated_Image_1ofncj1ofncj1ofn-300x118.png
Thetford,4500,1600,2516.78,HF023DG,https://helionsforge.com/wp-content/uploads/2025/11/Gemini_Generated_Image_1ofncj1ofncj1ofn-300x118.png
Thetford,5000,1000,2606.67,HF023DG,https://helionsforge.com/wp-content/uploads/2025/11/Gemini_Generated_Image_1ofncj1ofncj1ofn-300x118.png
Thetford,5000,1200,2696.55,HF023DG,https://helionsforge.com/wp-content/uploads/2025/11/Gemini_Generated_Image_1ofncj1ofncj1ofn-300x118.png
Thetford,5000,1400,2786.44,HF023DG,https://helionsforge.com/wp-content/uploads/2025/11/Gemini_Generated_Image_1ofncj1ofncj1ofn-300x118.png
Thetford,5000,1600,2876.32,HF023DG,https://helionsforge.com/wp-content/uploads/2025/11/Gemini_Generated_Image_1ofncj1ofncj1ofn-300x118.png
Wellingborough,2500,1000,1861.54,HF024DG,https://helionsforge.com/wp-content/uploads/2025/11/Wellingborough-Estate-Driveway-Gates-300x143.png
Wellingborough,2500,1200,1954.62,HF024DG,https://helionsforge.com/wp-content/uploads/2025/11/Wellingborough-Estate-Driveway-Gates-300x143.png
Wellingborough,2500,1400,2047.69,HF024DG,https://helionsforge.com/wp-content/uploads/2025/11/Wellingborough-Estate-Driveway-Gates-300x143.png
Wellingborough,2500,1600,2140.77,HF024DG,https://helionsforge.com/wp-content/uploads/2025/11/Wellingborough-Estate-Driveway-Gates-300x143.png
Wellingborough,3000,1000,1954.62,HF024DG,https://helionsforge.com/wp-content/uploads/2025/11/Wellingborough-Estate-Driveway-Gates-300x143.png
Wellingborough,3000,1200,2047.69,HF024DG,https://helionsforge.com/wp-content/uploads/2025/11/Wellingborough-Estate-Driveway-Gates-300x143.png
Wellingborough,3000,1400,2140.77,HF024DG,https://helionsforge.com/wp-content/uploads/2025/11/Wellingborough-Estate-Driveway-Gates-300x143.png
Wellingborough,3000,1600,2233.85,HF024DG,https://helionsforge.com/wp-content/uploads/2025/11/Wellingborough-Estate-Driveway-Gates-300x143.png
Wellingborough,3500,1000,2047.69,HF024DG,https://helionsforge.com/wp-content/uploads/2025/11/Wellingborough-Estate-Driveway-Gates-300x143.png
Wellingborough,3500,1200,2140.77,HF024DG,https://helionsforge.com/wp-content/uploads/2025/11/Wellingborough-Estate-Driveway-Gates-300x143.png
Wellingborough,3500,1400,2233.85,HF024DG,https://helionsforge.com/wp-content/uploads/2025/11/Wellingborough-Estate-Driveway-Gates-300x143.png
Wellingborough,3500,1600,2140.77,HF024DG,https://helionsforge.com/wp-content/uploads/2025/11/Wellingborough-Estate-Driveway-Gates-300x143.png
Wellingborough,4000,1000,2233.85,HF024DG,https://helionsforge.com/wp-content/uploads/2025/11/Wellingborough-Estate-Driveway-Gates-300x143.png
Wellingborough,4000,1200,2326.93,HF024DG,https://helionsforge.com/wp-content/uploads/2025/11/Wellingborough-Estate-Driveway-Gates-300x143.png
Wellingborough,4000,1400,2420.00,HF024DG,https://helionsforge.com/wp-content/uploads/2025/11/Wellingborough-Estate-Driveway-Gates-300x143.png
Wellingborough,4000,1600,2513.08,HF024DG,https://helionsforge.com/wp-content/uploads/2025/11/Wellingborough-Estate-Driveway-Gates-300x143.png
Wellingborough,4500,1000,2326.93,HF024DG,https://helionsforge.com/wp-content/uploads/2025/11/Wellingborough-Estate-Driveway-Gates-300x143.png
Wellingborough,4500,1200,2420.00,HF024DG,https://helionsforge.com/wp-content/uploads/2025/11/Wellingborough-Estate-Driveway-Gates-300x143.png
Wellingborough,4500,1400,2513.08,HF024DG,https://helionsforge.com/wp-content/uploads/2025/11/Wellingborough-Estate-Driveway-Gates-300x143.png
Wellingborough,4500,1600,2606.16,HF024DG,https://helionsforge.com/wp-content/uploads/2025/11/Wellingborough-Estate-Driveway-Gates-300x143.png
Wellingborough,5000,1000,2699.23,HF024DG,https://helionsforge.com/wp-content/uploads/2025/11/Wellingborough-Estate-Driveway-Gates-300x143.png
Wellingborough,5000,1200,2792.31,HF024DG,https://helionsforge.com/wp-content/uploads/2025/11/Wellingborough-Estate-Driveway-Gates-300x143.png
Wellingborough,5000,1400,2885.39,HF024DG,https://helionsforge.com/wp-content/uploads/2025/11/Wellingborough-Estate-Driveway-Gates-300x143.png
Wellingborough,5000,1600,2978.46,HF024DG,https://helionsforge.com/wp-content/uploads/2025/11/Wellingborough-Estate-Driveway-Gates-300x143.png
Thaxted,2500,1000,1890.2,HF025DG,https://helionsforge.com/wp-content/uploads/2025/11/Gemini_Generated_Image_70eylq70eylq70ey-300x131.png
Thaxted,2500,1200,1984.71,HF025DG,https://helionsforge.com/wp-content/uploads/2025/11/Gemini_Generated_Image_70eylq70eylq70ey-300x131.png
Thaxted,2500,1400,2079.22,HF025DG,https://helionsforge.com/wp-content/uploads/2025/11/Gemini_Generated_Image_70eylq70eylq70ey-300x131.png
Thaxted,2500,1600,2173.73,HF025DG,https://helionsforge.com/wp-content/uploads/2025/11/Gemini_Generated_Image_70eylq70eylq70ey-300x131.png
Thaxted,3000,1000,1984.71,HF025DG,https://helionsforge.com/wp-content/uploads/2025/11/Gemini_Generated_Image_70eylq70eylq70ey-300x131.png
Thaxted,3000,1200,2079.22,HF025DG,https://helionsforge.com/wp-content/uploads/2025/11/Gemini_Generated_Image_70eylq70eylq70ey-300x131.png
Thaxted,3000,1400,2173.73,HF025DG,https://helionsforge.com/wp-content/uploads/2025/11/Gemini_Generated_Image_70eylq70eylq70ey-300x131.png
Thaxted,3000,1600,2268.24,HF025DG,https://helionsforge.com/wp-content/uploads/2025/11/Gemini_Generated_Image_70eylq70eylq70ey-300x131.png
Thaxted,3500,1000,2079.22,HF025DG,https://helionsforge.com/wp-content/uploads/2025/11/Gemini_Generated_Image_70eylq70eylq70ey-300x131.png
Thaxted,3500,1200,2173.73,HF025DG,https://helionsforge.com/wp-content/uploads/2025/11/Gemini_Generated_Image_70eylq70eylq70ey-300x131.png
Thaxted,3500,1400,2268.24,HF025DG,https://helionsforge.com/wp-content/uploads/2025/11/Gemini_Generated_Image_70eylq70eylq70ey-300x131.png
Thaxted,3500,1600,2173.73,HF025DG,https://helionsforge.com/wp-content/uploads/2025/11/Gemini_Generated_Image_70eylq70eylq70ey-300x131.png
Thaxted,4000,1000,2268.24,HF025DG,https://helionsforge.com/wp-content/uploads/2025/11/Gemini_Generated_Image_70eylq70eylq70ey-300x131.png
Thaxted,4000,1200,2362.75,HF025DG,https://helionsforge.com/wp-content/uploads/2025/11/Gemini_Generated_Image_70eylq70eylq70ey-300x131.png
Thaxted,4000,1400,2457.26,HF025DG,https://helionsforge.com/wp-content/uploads/2025/11/Gemini_Generated_Image_70eylq70eylq70ey-300x131.png
Thaxted,4000,1600,2551.77,HF025DG,https://helionsforge.com/wp-content/uploads/2025/11/Gemini_Generated_Image_70eylq70eylq70ey-300x131.png
Thaxted,4500,1000,2362.75,HF025DG,https://helionsforge.com/wp-content/uploads/2025/11/Gemini_Generated_Image_70eylq70eylq70ey-300x131.png
Thaxted,4500,1200,2457.26,HF025DG,https://helionsforge.com/wp-content/uploads/2025/11/Gemini_Generated_Image_70eylq70eylq70ey-300x131.png
Thaxted,4500,1400,2551.77,HF025DG,https://helionsforge.com/wp-content/uploads/2025/11/Gemini_Generated_Image_70eylq70eylq70ey-300x131.png
Thaxted,4500,1600,2646.28,HF025DG,https://helionsforge.com/wp-content/uploads/2025/11/Gemini_Generated_Image_70eylq70eylq70ey-300x131.png
Thaxted,5000,1000,2740.79,HF025DG,https://helionsforge.com/wp-content/uploads/2025/11/Gemini_Generated_Image_70eylq70eylq70ey-300x131.png
Thaxted,5000,1200,2835.3,HF025DG,https://helionsforge.com/wp-content/uploads/2025/11/Gemini_Generated_Image_70eylq70eylq70ey-300x131.png
Thaxted,5000,1400,2929.81,HF025DG,https://helionsforge.com/wp-content/uploads/2025/11/Gemini_Generated_Image_70eylq70eylq70ey-300x131.png
Thaxted,5000,1600,3024.32,HF025DG,https://helionsforge.com/wp-content/uploads/2025/11/Gemini_Generated_Image_70eylq70eylq70ey-300x131.png
Halstead,2500,1000,1832.37,HF026DG,https://helionsforge.com/wp-content/uploads/2025/11/Gemini_Generated_Image_q6yvsvq6yvsvq6yv-1-300x143.png
Halstead,2500,1200,1923.99,HF026DG,https://helionsforge.com/wp-content/uploads/2025/11/Gemini_Generated_Image_q6yvsvq6yvsvq6yv-1-300x143.png
Halstead,2500,1400,2015.61,HF026DG,https://helionsforge.com/wp-content/uploads/2025/11/Gemini_Generated_Image_q6yvsvq6yvsvq6yv-1-300x143.png
Halstead,2500,1600,2107.23,HF026DG,https://helionsforge.com/wp-content/uploads/2025/11/Gemini_Generated_Image_q6yvsvq6yvsvq6yv-1-300x143.png
Halstead,3000,1000,1923.99,HF026DG,https://helionsforge.com/wp-content/uploads/2025/11/Gemini_Generated_Image_q6yvsvq6yvsvq6yv-1-300x143.png
Halstead,3000,1200,2015.61,HF026DG,https://helionsforge.com/wp-content/uploads/2025/11/Gemini_Generated_Image_q6yvsvq6yvsvq6yv-1-300x143.png
Halstead,3000,1400,2107.23,HF026DG,https://helionsforge.com/wp-content/uploads/2025/11/Gemini_Generated_Image_q6yvsvq6yvsvq6yv-1-300x143.png
Halstead,3000,1600,2198.84,HF026DG,https://helionsforge.com/wp-content/uploads/2025/11/Gemini_Generated_Image_q6yvsvq6yvsvq6yv-1-300x143.png
Halstead,3500,1000,2015.61,HF026DG,https://helionsforge.com/wp-content/uploads/2025/11/Gemini_Generated_Image_q6yvsvq6yvsvq6yv-1-300x143.png
Halstead,3500,1200,2107.23,HF026DG,https://helionsforge.com/wp-content/uploads/2025/11/Gemini_Generated_Image_q6yvsvq6yvsvq6yv-1-300x143.png
Halstead,3500,1400,2198.84,HF026DG,https://helionsforge.com/wp-content/uploads/2025/11/Gemini_Generated_Image_q6yvsvq6yvsvq6yv-1-300x143.png
Halstead,3500,1600,2107.23,HF026DG,https://helionsforge.com/wp-content/uploads/2025/11/Gemini_Generated_Image_q6yvsvq6yvsvq6yv-1-300x143.png
Halstead,4000,1000,2198.84,HF026DG,https://helionsforge.com/wp-content/uploads/2025/11/Gemini_Generated_Image_q6yvsvq6yvsvq6yv-1-300x143.png
Halstead,4000,1200,2290.46,HF026DG,https://helionsforge.com/wp-content/uploads/2025/11/Gemini_Generated_Image_q6yvsvq6yvsvq6yv-1-300x143.png
Halstead,4000,1400,2382.08,HF026DG,https://helionsforge.com/wp-content/uploads/2025/11/Gemini_Generated_Image_q6yvsvq6yvsvq6yv-1-300x143.png
Halstead,4000,1600,2473.7,HF026DG,https://helionsforge.com/wp-content/uploads/2025/11/Gemini_Generated_Image_q6yvsvq6yvsvq6yv-1-300x143.png
Halstead,4500,1000,2290.46,HF026DG,https://helionsforge.com/wp-content/uploads/2025/11/Gemini_Generated_Image_q6yvsvq6yvsvq6yv-1-300x143.png
Halstead,4500,1200,2382.08,HF026DG,https://helionsforge.com/wp-content/uploads/2025/11/Gemini_Generated_Image_q6yvsvq6yvsvq6yv-1-300x143.png
Halstead,4500,1400,2473.7,HF026DG,https://helionsforge.com/wp-content/uploads/2025/11/Gemini_Generated_Image_q6yvsvq6yvsvq6yv-1-300x143.png
Halstead,4500,1600,2565.32,HF026DG,https://helionsforge.com/wp-content/uploads/2025/11/Gemini_Generated_Image_q6yvsvq6yvsvq6yv-1-300x143.png
Halstead,5000,1000,2656.94,HF026DG,https://helionsforge.com/wp-content/uploads/2025/11/Gemini_Generated_Image_q6yvsvq6yvsvq6yv-1-300x143.png
Halstead,5000,1200,2748.56,HF026DG,https://helionsforge.com/wp-content/uploads/2025/11/Gemini_Generated_Image_q6yvsvq6yvsvq6yv-1-300x143.png
Halstead,5000,1400,2840.17,HF026DG,https://helionsforge.com/wp-content/uploads/2025/11/Gemini_Generated_Image_q6yvsvq6yvsvq6yv-1-300x143.png
Halstead,5000,1600,2931.79,HF026DG,https://helionsforge.com/wp-content/uploads/2025/11/Gemini_Generated_Image_q6yvsvq6yvsvq6yv-1-300x143.png